Date,Ticker,Action
1996-01-02,AAL-19,add
1996-01-02,AAMRQ-20,add
1996-01-02,AAPL,add
1996-01-02,ABI-20,add
1996-01-02,ABS-20,add
1996-01-02,ABT,add
1996-01-02,ABX,add
1996-01-02,ACKH-20,add
1996-01-02,ACV-20,add
1996-01-02,ADM,add
1996-01-02,ADP,add
1996-01-02,ADSK,add
1996-01-02,AEE,add
1996-01-02,AEP,add
1996-01-02,AET,add
1996-01-02,AGC-20,add
1996-01-02,AGN-20,add
1996-01-02,AHM-19,add
1996-01-02,AIG,add
1996-01-02,AIT-19,add
1996-01-02,AL-20,add
1996-01-02,ALL,add
1996-01-02,AM-20,add
1996-01-02,AMAT,add
1996-01-02,AMD,add
1996-01-02,AMGN,add
1996-01-02,AMH-19,add
1996-01-02,AMP-19,add
1996-01-02,AN-19,add
1996-01-02,ANDW-20,add
1996-01-02,ANV-19,add
1996-01-02,APD,add
1996-01-02,AR-19,add
1996-01-02,ARC-20,add
1996-01-02,ARNC,add
1996-01-02,AS-19,add
1996-01-02,ASC-19,add
1996-01-02,ASH,add
1996-01-02,AT-20,add
1996-01-02,ATI,add
1996-01-02,ATI-19,add
1996-01-02,AVP,add
1996-01-02,AVY,add
1996-01-02,AXP,add
1996-01-02,AZA-A,add
1996-01-02,BA,add
1996-01-02,BAC,add
1996-01-02,BAC-19,add
1996-01-02,BAX,add
1996-01-02,BBI-19,add
1996-01-02,BC,add
1996-01-02,BCO,add
1996-01-02,BCR-20,add
1996-01-02,BDK-20,add
1996-01-02,BDX,add
1996-01-02,BEAM-20,add
1996-01-02,BEV-20,add
1996-01-02,BF-B,add
1996-01-02,BFI-19,add
1996-01-02,BFO-20,add
1996-01-02,BGG,add
1996-01-02,BHGE,add
1996-01-02,BHMSQ-20,add
1996-01-02,BK,add
1996-01-02,BKB-19,add
1996-01-02,BLL,add
1996-01-02,BLS-20,add
1996-01-02,BLY-19,add
1996-01-02,BMET-20,add
1996-01-02,BMS,add
1996-01-02,BMY,add
1996-01-02,BNI-20,add
1996-01-02,BNL-19,add
1996-01-02,BOAT-19,add
1996-01-02,BOL-20,add
1996-01-02,BR-20,add
1996-01-02,BSX,add
1996-01-02,BT-19,add
1996-01-02,BUD-20,add
1996-01-02,C,add
1996-01-02,C-19,add
1996-01-02,CA,add
1996-01-02,CAG,add
1996-01-02,CAL,add
1996-01-02,CAR,add
1996-01-02,CAT,add
1996-01-02,CB-20,add
1996-01-02,CBB-19,add
1996-01-02,CBE-20,add
1996-01-02,CBS,add
1996-01-02,CBS-20,add
1996-01-02,CCB-19,add
1996-01-02,CCI-19,add
1996-01-02,CCK,add
1996-01-02,CCTYQ-20,add
1996-01-02,CEG-20,add
1996-01-02,CEN-20,add
1996-01-02,CFL-19,add
1996-01-02,CG-20,add
1996-01-02,CGP-20,add
1996-01-02,CHA-20,add
1996-01-02,CHRS-20,add
1996-01-02,CI,add
1996-01-02,CIN-20,add
1996-01-02,CL,add
1996-01-02,CLX,add
1996-01-02,CMA,add
1996-01-02,CMB-19,add
1996-01-02,CMCSA,add
1996-01-02,CMI,add
1996-01-02,CNG-20,add
1996-01-02,CNP,add
1996-01-02,CNW-20,add
1996-01-02,COMS-20,add
1996-01-02,COP,add
1996-01-02,COST,add
1996-01-02,COV-20,add
1996-01-02,CPB,add
1996-01-02,CPQ-20,add
1996-01-02,CR,add
1996-01-02,CRR-19,add
1996-01-02,CSCO,add
1996-01-02,CSR-20,add
1996-01-02,CSX,add
1996-01-02,CTB,add
1996-01-02,CTX-20,add
1996-01-02,CVS,add
1996-01-02,CVX,add
1996-01-02,CYM-19,add
1996-01-02,CYR-19,add
1996-01-02,D,add
1996-01-02,DALRQ-20,add
1996-01-02,DCNAQ-20,add
1996-01-02,DD-20,add
1996-01-02,DDS,add
1996-01-02,DE,add
1996-01-02,DEC-19,add
1996-01-02,DGN-19,add
1996-01-02,DI-19,add
1996-01-02,DIGI-19,add
1996-01-02,DIS,add
1996-01-02,DJ-20,add
1996-01-02,DLX,add
1996-01-02,DOV,add
1996-01-02,DOW-20,add
1996-01-02,DRI,add
1996-01-02,DTE,add
1996-01-02,DUK,add
1996-01-02,DWD-19,add
1996-01-02,DXC,add
1996-01-02,EC-20,add
1996-01-02,ECH-19,add
1996-01-02,ECL,add
1996-01-02,ECO-20,add
1996-01-02,ED,add
1996-01-02,EFU-20,add
1996-01-02,EIX,add
1996-01-02,EKDKQ-20,add
1996-01-02,EMN,add
1996-01-02,EMR,add
1996-01-02,ENRNQ-20,add
1996-01-02,ENS-19,add
1996-01-02,ETN,add
1996-01-02,ETR,add
1996-01-02,ETS-20,add
1996-01-02,EXC,add
1996-01-02,F,add
1996-01-02,FBF-20,add
1996-01-02,FBO-19,add
1996-01-02,FCN-19,add
1996-01-02,FCX,add
1996-01-02,FDC-20,add
1996-01-02,FDX,add
1996-01-02,FE,add
1996-01-02,FG-19,add
1996-01-02,FJ-20,add
1996-01-02,FL,add
1996-01-02,FLMIQ-20,add
1996-01-02,FLTWQ-20,add
1996-01-02,FMC,add
1996-01-02,FMCC,add
1996-01-02,FNMA,add
1996-01-02,FTL-A,add
1996-01-02,FWLT-20,add
1996-01-02,G-20,add
1996-01-02,GAPTQ-20,add
1996-01-02,GAS-20,add
1996-01-02,GD,add
1996-01-02,GDW-20,add
1996-01-02,GE,add
1996-01-02,GFS-A,add
1996-01-02,GIDL-19,add
1996-01-02,GIS,add
1996-01-02,GLD-19,add
1996-01-02,GLK-20,add
1996-01-02,GLW,add
1996-01-02,GP-20,add
1996-01-02,GPC,add
1996-01-02,GPS,add
1996-01-02,GPU-20,add
1996-01-02,GR-20,add
1996-01-02,GRA-19,add
1996-01-02,GRN-19,add
1996-01-02,GSX-19,add
1996-01-02,GT,add
1996-01-02,GTE-20,add
1996-01-02,GWF-19,add
1996-01-02,GWW,add
1996-01-02,H-20,add
1996-01-02,HAL,add
1996-01-02,HAS,add
1996-01-02,HCA-20,add
1996-01-02,HD,add
1996-01-02,HDLM-20,add
1996-01-02,HES,add
1996-01-02,HET-20,add
1996-01-02,HI-20,add
1996-01-02,HIG,add
1996-01-02,HLT-20,add
1996-01-02,HM-20,add
1996-01-02,HNZ-20,add
1996-01-02,HON,add
1996-01-02,HON-19,add
1996-01-02,HP,add
1996-01-02,HPC-20,add
1996-01-02,HPH-19,add
1996-01-02,HPQ,add
1996-01-02,HRB,add
1996-01-02,HRS,add
1996-01-02,HSH-20,add
1996-01-02,HSY,add
1996-01-02,HUM,add
1996-01-02,I-19,add
1996-01-02,IBM,add
1996-01-02,IFF,add
1996-01-02,IKN-20,add
1996-01-02,INCLF-20,add
1996-01-02,INGR-20,add
1996-01-02,INTC,add
1996-01-02,IP,add
1996-01-02,IPG,add
1996-01-02,IR,add
1996-01-02,ITT,add
1996-01-02,ITT-19,add
1996-01-02,ITW,add
1996-01-02,JAVA-20,add
1996-01-02,JCI,add
1996-01-02,JCI-20,add
1996-01-02,JCP,add
1996-01-02,JH-20,add
1996-01-02,JNJ,add
1996-01-02,JOS-20,add
1996-01-02,JP-20,add
1996-01-02,JPM,add
1996-01-02,JPM-20,add
1996-01-02,JWN,add
1996-01-02,K,add
1996-01-02,KATE-20,add
1996-01-02,KBH,add
1996-01-02,KEY,add
1996-01-02,KM-20,add
1996-01-02,KMB,add
1996-01-02,KMG-20,add
1996-01-02,KO,add
1996-01-02,KR,add
1996-01-02,KRB-20,add
1996-01-02,KRI-20,add
1996-01-02,KWP-19,add
1996-01-02,L,add
1996-01-02,LB,add
1996-01-02,LDG-20,add
1996-01-02,LDW-B,add
1996-01-02,LLX-19,add
1996-01-02,LLY,add
1996-01-02,LMT,add
1996-01-02,LNC,add
1996-01-02,LOR-19,add
1996-01-02,LOW,add
1996-01-02,LPX,add
1996-01-02,LSI-20,add
1996-01-02,LUB,add
1996-01-02,LUV,add
1996-01-02,M,add
1996-01-02,MAS,add
1996-01-02,MAT,add
1996-01-02,MAY-20,add
1996-01-02,MCD,add
1996-01-02,MCIC-19,add
1996-01-02,MCO,add
1996-01-02,MD-19,add
1996-01-02,MDP,add
1996-01-02,MDR,add
1996-01-02,MDT,add
1996-01-02,MEA-20,add
1996-01-02,MEE-20,add
1996-01-02,MEL-20,add
1996-01-02,MER-20,add
1996-01-02,MII-19,add
1996-01-02,MIL-20,add
1996-01-02,MKG-20,add
1996-01-02,MMC,add
1996-01-02,MMM,add
1996-01-02,MNR-19,add
1996-01-02,MO,add
1996-01-02,MOB-19,add
1996-01-02,MRK,add
1996-01-02,MRO,add
1996-01-02,MS,add
1996-01-02,MSFT,add
1996-01-02,MSI,add
1996-01-02,MST-19,add
1996-01-02,MTLQQ-20,add
1996-01-02,MU,add
1996-01-02,MWI-20,add
1996-01-02,MWV-20,add
1996-01-02,MYG-20,add
1996-01-02,MZIAQ-20,add
1996-01-02,NAE-19,add
1996-01-02,NAV,add
1996-01-02,NC,add
1996-01-02,NCC-20,add
1996-01-02,NEE,add
1996-01-02,NEM,add
1996-01-02,NKE,add
1996-01-02,NLC-19,add
1996-01-02,NMK-20,add
1996-01-02,NOC,add
1996-01-02,NOVL-20,add
1996-01-02,NRTLQ-20,add
1996-01-02,NSC,add
1996-01-02,NSI-20,add
1996-01-02,NSM-20,add
1996-01-02,NUE,add
1996-01-02,NWL,add
1996-01-02,NYN-19,add
1996-01-02,NYT,add
1996-01-02,OAT-20,add
1996-01-02,OKE,add
1996-01-02,OM-19,add
1996-01-02,OMX-20,add
1996-01-02,ONE-20,add
1996-01-02,ORCL,add
1996-01-02,ORX-19,add
1996-01-02,OWENQ-20,add
1996-01-02,OXY,add
1996-01-02,PAC-19,add
1996-01-02,PAS-20,add
1996-01-02,PBI,add
1996-01-02,PBY-20,add
1996-01-02,PCAR,add
1996-01-02,PCG,add
1996-01-02,PCH,add
1996-01-02,PD-20,add
1996-01-02,PDG-20,add
1996-01-02,PEG,add
1996-01-02,PEL-19,add
1996-01-02,PEP,add
1996-01-02,PET-19,add
1996-01-02,PFE,add
1996-01-02,PG,add
1996-01-02,PGL-20,add
1996-01-02,PGN-20,add
1996-01-02,PH,add
1996-01-02,PHA-20,add
1996-01-02,PHB-19,add
1996-01-02,PHM,add
1996-01-02,PKI,add
1996-01-02,PLL-20,add
1996-01-02,PMI-19,add
1996-01-02,PNC,add
1996-01-02,PNU-20,add
1996-01-02,PPG,add
1996-01-02,PPL,add
1996-01-02,PPW-19,add
1996-01-02,PRD-20,add
1996-01-02,PVN-19,add
1996-01-02,PX,add
1996-01-02,PZE-19,add
1996-01-02,R,add
1996-01-02,RAD,add
1996-01-02,RAL-20,add
1996-01-02,RBD-19,add
1996-01-02,RBK-20,add
1996-01-02,RDC,add
1996-01-02,RDS-A,add
1996-01-02,RLM-20,add
1996-01-02,RML-20,add
1996-01-02,RNB-19,add
1996-01-02,ROH-20,add
1996-01-02,ROK,add
1996-01-02,RRD,add
1996-01-02,RSHCQ-20,add
1996-01-02,RTN,add
1996-01-02,RYAN-20,add
1996-01-02,RYC-19,add
1996-01-02,RYI-20,add
1996-01-02,S,add
1996-01-02,S-20,add
1996-01-02,SAF-20,add
1996-01-02,SB-19,add
1996-01-02,SCI,add
1996-01-02,SFA-20,add
1996-01-02,SFS-20,add
1996-01-02,SGID-20,add
1996-01-02,SGP-20,add
1996-01-02,SHN-20,add
1996-01-02,SHW,add
1996-01-02,SIAL-20,add
1996-01-02,SK-19,add
1996-01-02,SLB,add
1996-01-02,SMI-20,add
1996-01-02,SMS-20,add
1996-01-02,SNA,add
1996-01-02,SNT-19,add
1996-01-02,SO,add
1996-01-02,SPGI,add
1996-01-02,SRR-20,add
1996-01-02,STI,add
1996-01-02,STJ-20,add
1996-01-02,STO-19,add
1996-01-02,SUN-20,add
1996-01-02,SVU,add
1996-01-02,SWK,add
1996-01-02,SYY,add
1996-01-02,T,add
1996-01-02,T-20,add
1996-01-02,TA-19,add
1996-01-02,TAP,add
1996-01-02,TCOMA-19,add
1996-01-02,TDM-19,add
1996-01-02,TEK-20,add
1996-01-02,TEN,add
1996-01-02,TGNA,add
1996-01-02,TGT,add
1996-01-02,THC,add
1996-01-02,THY-19,add
1996-01-02,TIN-20,add
1996-01-02,TJX,add
1996-01-02,TKR,add
1996-01-02,TLAB-20,add
1996-01-02,TMC-20,add
1996-01-02,TMC-A,add
1996-01-02,TMK,add
1996-01-02,TNB-20,add
1996-01-02,TOY-20,add
1996-01-02,TRB-20,add
1996-01-02,TRV,add
1996-01-02,TRW-20,add
1996-01-02,TWX-20,add
1996-01-02,TX-20,add
1996-01-02,TXN,add
1996-01-02,TXT,add
1996-01-02,TXU-20,add
1996-01-02,UAWGQ-20,add
1996-01-02,UCC-19,add
1996-01-02,UCL-20,add
1996-01-02,UCM-20,add
1996-01-02,UIS,add
1996-01-02,UK-20,add
1996-01-02,UMG-20,add
1996-01-02,UN,add
1996-01-02,UNH,add
1996-01-02,UNM,add
1996-01-02,UNP,add
1996-01-02,USB-20,add
1996-01-02,USBC-19,add
1996-01-02,USH-19,add
1996-01-02,USHC-19,add
1996-01-02,USS-19,add
1996-01-02,UST-20,add
1996-01-02,USW-20,add
1996-01-02,UTX,add
1996-01-02,VAT-19,add
1996-01-02,VFC,add
1996-01-02,VO-20,add
1996-01-02,VZ,add
1996-01-02,WAI-19,add
1996-01-02,WB-20,add
1996-01-02,WBA,add
1996-01-02,WEN-20,add
1996-01-02,WFC,add
1996-01-02,WFC-19,add
1996-01-02,WHR,add
1996-01-02,WLA-20,add
1996-01-02,WLL-20,add
1996-01-02,WMB,add
1996-01-02,WMT,add
1996-01-02,WMX-19,add
1996-01-02,WNDXQ-20,add
1996-01-02,WOR,add
1996-01-02,WWY-20,add
1996-01-02,WY,add
1996-01-02,WYE-20,add
1996-01-02,X,add
1996-01-02,XEL,add
1996-01-02,XOM,add
1996-01-02,XRX,add
1996-01-02,YRCW,add
1996-01-22,CSE-19,add
1996-01-22,BCO,remove
1996-02-12,BAY-19,add
1996-02-12,CCB-19,remove
1996-03-08,FITB,add
1996-03-08,HDLM-20,remove
1996-03-13,GNT-19,add
1996-03-13,FBO-19,remove
1996-03-28,EMC-20,add
1996-03-28,CYR-19,remove
1996-04-01,NLV-20,add
1996-04-01,WCOEQ-20,add
1996-04-01,CMB-19,remove
1996-04-01,I-19,remove
1996-04-23,AON,add
1996-04-23,LOR-19,remove
1996-05-31,TUP,add
1996-05-31,PMI-19,remove
1996-07-19,MTG,add
1996-07-19,USHC-19,remove
1996-07-22,BMGCA-20,add
1996-07-22,CAL,remove
1996-08-16,HFS-19,add
1996-08-16,SEG-20,add
1996-08-16,COV-20,remove
1996-09-06,DELL-20,add
1996-09-06,VAT-19,remove
1996-10-01,LU-20,add
1996-10-01,OM-19,remove
1996-10-16,UPR-20,add
1996-10-16,THY-19,remove
1996-11-04,RX-20,add
1996-11-04,YRCW,remove
1996-12-03,MBI,add
1996-12-03,CNW-20,remove
1996-12-19,GDT-20,add
1996-12-19,BLY-19,remove
1997-01-02,AZO,add
1997-01-02,FRO-19,add
1997-01-02,TMO,add
1997-01-02,LUB,remove
1997-01-02,RYAN-20,remove
1997-01-02,SHN-20,remove
1997-01-07,BOAT-19,remove
1997-01-08,EHC,add
1997-01-15,CNC-20,add
1997-01-15,AAL-19,remove
1997-04-01,PAC-19,remove
1997-04-03,PTC,add
1997-05-06,ADBE,add
1997-05-06,GLD-19,remove
1997-05-27,CAH,add
1997-05-27,CRR-19,remove
1997-06-02,SCHW,add
1997-06-02,DWD-19,remove
1997-06-11,PVN-20,add
1997-06-11,PVN-19,remove
1997-06-18,CFC-20,add
1997-06-18,USH-19,remove
1997-06-19,EFX,add
1997-06-19,PEL-19,remove
1997-07-02,WAMUQ-20,add
1997-07-02,GWF-19,remove
1997-07-17,SAI-19,add
1997-07-17,GIDL-19,remove
1997-07-28,APA,add
1997-07-28,APC,add
1997-07-28,INGR-20,remove
1997-07-28,SFS-20,remove
1997-08-01,MD-19,remove
1997-08-04,OI,add
1997-08-04,PGR,add
1997-08-04,USBC-19,remove
1997-08-06,HBAN,add
1997-08-06,ENS-19,remove
1997-08-07,MIR-20,add
1997-08-07,NAE-19,remove
1997-08-15,NYN-19,remove
1997-08-18,STT,add
1997-09-02,CCU-20,add
1997-09-02,TDM-19,remove
1997-09-15,KLAC,add
1997-09-15,AMH-19,remove
1997-10-07,YUM,add
1997-10-07,SRR-20,remove
1997-10-23,HBOC-19,add
1997-10-23,LLX-19,remove
1997-11-28,SB-19,remove
1997-12-01,SNV,add
1997-12-04,BBT,add
1997-12-04,BEV-20,remove
1997-12-18,CINF,add
1997-12-18,HFS-19,remove
1997-12-24,OMC,add
1997-12-24,FLMIQ-20,remove
1998-01-12,LEHMQ-20,add
1998-01-12,BBI-19,remove
1998-01-20,BIG,add
1998-01-20,ECO-20,remove
1998-01-28,SUB-20,add
1998-01-28,CBB-19,remove
1998-01-30,NTRS,add
1998-01-30,PAS-20,remove
1998-02-23,MTL-19,add
1998-02-23,ITT-19,remove
1998-03-24,GRA,add
1998-04-01,NXTL-20,add
1998-04-01,SEE,add
1998-04-01,GRA-19,remove
1998-04-01,JH-20,remove
1998-04-01,SK-19,remove
1998-04-08,AFS-A,add
1998-04-08,CHRS-20,remove
1998-04-27,GTW-20,add
1998-04-27,FG-19,remove
1998-04-28,CFL-19,remove
1998-04-29,BEN,add
1998-05-21,MAR,add
1998-06-12,ASND-19,add
1998-06-12,DEC-19,remove
1998-06-29,SRE,add
1998-06-29,PET-19,remove
1998-07-01,BSC-20,add
1998-07-01,COF,add
1998-07-01,SLM,add
1998-07-01,BNL-19,remove
1998-07-01,GNT-19,remove
1998-07-01,RYI-20,remove
1998-07-10,FMY-19,add
1998-07-10,ECH-19,remove
1998-07-16,DG-20,add
1998-07-16,GFS-A,remove
1998-07-17,WM,add
1998-07-17,WMX-19,remove
1998-08-11,EDS-20,add
1998-08-11,WAI-19,remove
1998-08-14,KSS,add
1998-08-14,MST-19,remove
1998-08-28,RF,add
1998-08-28,DIGI-19,remove
1998-08-31,PVT-19,add
1998-08-31,BAY-19,remove
1998-09-15,MCIC-19,remove
1998-09-16,NGH-20,add
1998-09-28,HCR-20,add
1998-09-28,MNR-19,remove
1998-09-30,DI-19,remove
1998-10-01,BMC-20,add
1998-10-01,PAYX,add
1998-10-01,UPC-20,add
1998-10-01,AHM-19,remove
1998-10-01,BAC-19,remove
1998-10-02,AES,add
1998-10-02,PSFT-20,add
1998-10-02,FCN-19,remove
1998-10-02,USS-19,remove
1998-10-07,SPLS-20,add
1998-10-07,GSX-19,remove
1998-10-08,CCE,add
1998-10-08,CCI-19,remove
1998-11-03,NCE-20,add
1998-11-03,WFC-19,remove
1998-11-13,SWY-20,add
1998-11-13,C-19,remove
1998-11-18,DHR,add
1998-11-18,STO-19,remove
1998-11-24,PCS-20,add
1998-11-24,AS-19,remove
1998-12-22,CCL,add
1998-12-22,GRN-19,remove
1998-12-31,SLR-20,add
1998-12-31,PZE-19,remove
1999-01-04,CPWR-20,add
1999-01-04,USB,add
1999-01-04,AN-19,remove
1999-01-04,FL,remove
1999-01-04,SAI-19,remove
1999-01-13,MCK,add
1999-01-13,HBOC-19,remove
1999-03-01,SOTR-20,add
1999-03-01,ORX-19,remove
1999-03-10,ASO-20,add
1999-03-10,TCOMA-19,remove
1999-03-25,CTL,add
1999-03-25,RBD-19,remove
1999-04-05,KSU,add
1999-04-05,AMP-19,remove
1999-04-12,AGN,add
1999-04-12,ANV-19,remove
1999-05-03,CMS,add
1999-05-03,UCC-19,remove
1999-05-28,AFL,add
1999-05-28,DPHIQ-20,add
1999-05-28,FMY-19,remove
1999-05-28,MWI-20,remove
1999-06-04,PWJ-20,add
1999-06-04,BT-19,remove
1999-06-09,WLP-20,add
1999-06-09,HPH-19,remove
1999-06-22,FPC-20,add
1999-06-22,MII-19,remove
1999-06-24,ODP,add
1999-06-24,ASC-19,remove
1999-06-25,NTAP,add
1999-06-25,ASND-19,remove
1999-06-30,BBY,add
1999-06-30,ATI-19,remove
1999-07-01,VMC,add
1999-07-01,PVT-19,remove
1999-07-22,QCOM,add
1999-07-22,TA-19,remove
1999-08-02,ADCT-20,add
1999-08-02,AW-20,add
1999-08-02,BFI-19,remove
1999-08-02,NLC-19,remove
1999-08-09,COC-B,add
1999-08-09,BMGCA-20,remove
1999-08-13,LXK-20,add
1999-08-13,RYC-19,remove
1999-09-20,TOS-20,add
1999-09-20,MTL-19,remove
1999-09-29,GX-20,add
1999-09-29,FRO-19,remove
1999-10-01,BBBY,add
1999-10-01,SXCL-20,add
1999-10-01,BKB-19,remove
1999-10-01,FTL-A,remove
1999-10-04,PNW,add
1999-10-04,PHB-19,remove
1999-10-11,AIT-19,remove
1999-10-12,ADI,add
1999-10-13,TROW,add
1999-10-13,DGN-19,remove
1999-10-18,LEG,add
1999-10-18,CYM-19,remove
1999-10-26,EP-20,add
1999-10-26,SNT-19,remove
1999-10-27,CMVT-20,add
1999-10-27,AR-19,remove
1999-11-05,PTV-20,add
1999-11-05,TEN,remove
1999-11-08,XLNX,add
1999-11-08,HRS,remove
1999-11-15,TER,add
1999-11-15,CSE-19,remove
1999-11-16,QTRN-20,add
1999-11-16,KWP-19,remove
1999-11-30,PPW-19,remove
1999-12-01,CTXS,add
1999-12-01,MOLX-20,add
1999-12-01,MOB-19,remove
1999-12-02,OK-20,add
1999-12-02,HON-19,remove
1999-12-08,AABA,add
1999-12-08,LDW-B,remove
1999-12-31,RIG,add
1999-12-31,HP,remove
2000-01-03,RNB-19,remove
2000-01-04,NCR,add
2000-01-06,YNR-20,add
2000-01-06,NLV-20,remove
2000-01-31,BGEN-20,add
2000-01-31,CNXT-20,add
2000-01-31,HOG,add
2000-01-31,CNG-20,remove
2000-01-31,FLTWQ-20,remove
2000-01-31,FWLT-20,remove
2000-03-16,TSG-20,add
2000-03-16,SCI,remove
2000-04-03,LLTC-20,add
2000-04-03,VRTS-20,add
2000-04-03,PBY-20,remove
2000-04-03,PNU-20,remove
2000-04-18,ALTR-20,add
2000-04-18,ARC-20,remove
2000-05-04,CBS-20,remove
2000-05-04,RLM-20,remove
2000-05-05,SAPE-20,add
2000-05-05,SEBL-20,add
2000-05-10,MXIM,add
2000-05-10,JOS-20,remove
2000-06-01,APCC-20,add
2000-06-01,MIR-20,remove
2000-06-05,A,add
2000-06-05,NC,remove
2000-06-08,SBUX,add
2000-06-08,SMS-20,remove
2000-06-13,CVG,add
2000-06-13,TMC-20,remove
2000-06-13,TMC-A,remove
2000-06-15,UMG-20,remove
2000-06-16,MEDI-20,add
2000-06-16,CSR-20,remove
2000-06-19,CF-20,add
2000-06-19,NVLS-20,add
2000-06-19,CHA-20,remove
2000-06-20,WLA-20,remove
2000-06-21,SANM,add
2000-06-21,TIF,add
2000-06-21,SGID-20,remove
2000-06-29,MERQ-20,add
2000-06-29,VSTNQ-20,add
2000-06-29,IKN-20,remove
2000-06-29,MZIAQ-20,remove
2000-07-03,BRCM-20,add
2000-07-03,GTE-20,remove
2000-07-03,USW-20,remove
2000-07-06,Q-20,add
2000-07-13,JNS-20,add
2000-07-13,KSU,remove
2000-07-17,CIT-A,add
2000-07-17,UPR-20,remove
2000-07-27,VIAV,add
2000-07-27,RAD,remove
2000-07-28,PALM-20,add
2000-07-28,COMS-20,remove
2000-08-21,KSE-20,add
2000-08-21,NCE-20,remove
2000-08-30,DVN,add
2000-08-30,GAPTQ-20,remove
2000-10-02,AV-20,add
2000-10-02,OWENQ-20,remove
2000-10-03,DYN-20,add
2000-10-03,KG-20,add
2000-10-03,BFO-20,remove
2000-10-03,YNR-20,remove
2000-10-18,NBR,add
2000-10-18,MKG-20,remove
2000-10-23,PWER-20,add
2000-10-23,UCM-20,remove
2000-11-02,EOG,add
2000-11-02,NI,add
2000-11-02,CG-20,remove
2000-11-02,EFU-20,remove
2000-11-06,BVSN,add
2000-11-06,PWJ-20,remove
2000-11-17,HOT-20,add
2000-11-17,ACKH-20,remove
2000-11-22,FRX-20,add
2000-11-22,SEG-20,remove
2000-11-24,CHIR-20,add
2000-11-24,FJ-20,remove
2000-12-01,CPNLQ-20,add
2000-12-01,AFS-A,remove
2000-12-01,FPC-20,remove
2000-12-05,RHI,add
2000-12-11,ABKFQ-20,add
2000-12-11,AYE-20,add
2000-12-11,INTU,add
2000-12-11,MET,add
2000-12-11,SBL-20,add
2000-12-11,BHMSQ-20,remove
2000-12-11,CCK,remove
2000-12-11,GRA,remove
2000-12-11,OI,remove
2000-12-11,VO-20,remove
2000-12-12,KMI-20,add
2000-12-12,QLGC-20,add
2000-12-12,SYK,add
2000-12-12,VTSS-20,add
2000-12-12,NGH-20,remove
2000-12-12,PRD-20,remove
2000-12-12,RML-20,remove
2000-12-12,SMI-20,remove
2000-12-22,FLR,add
2000-12-22,MEE-20,remove
2001-01-02,AMCC-20,add
2001-01-02,JPM-20,remove
2001-01-16,NE,add
2001-01-30,JBL,add
2001-01-30,CGP-20,remove
2001-02-07,UVN-20,add
2001-02-07,UK-20,remove
2001-02-26,USB-20,remove
2001-02-27,FTR,add
2001-03-01,CTAS,add
2001-03-01,SUB-20,remove
2001-04-02,CE-20,add
2001-04-02,FISV,add
2001-04-02,CEN-20,remove
2001-04-02,OK-20,remove
2001-04-03,MIR-20,add
2001-04-03,BGG,remove
2001-05-14,PBG-20,add
2001-05-14,SXCL-20,remove
2001-06-04,MWW-20,add
2001-06-04,CIT-A,remove
2001-06-25,ZION,add
2001-06-25,AZA-A,remove
2001-06-29,JHF-20,add
2001-06-29,H-20,remove
2001-07-02,COL,add
2001-07-02,LDG-20,remove
2001-07-09,AWE-20,add
2001-07-09,PCH,remove
2001-08-03,PMCS-20,add
2001-08-03,OAT-20,remove
2001-08-06,FDO-20,add
2001-08-06,ETS-20,remove
2001-08-07,ZBH,add
2001-08-07,TKR,remove
2001-08-29,AGC-20,remove
2001-08-30,ABC,add
2001-08-30,CIEN,add
2001-08-30,OKE,remove
2001-09-04,IGT-20,add
2001-09-04,XL,add
2001-09-04,XL-20,add
2001-09-04,BVSN,remove
2001-09-17,TOS-20,remove
2001-09-21,IMNX-20,add
2001-10-10,EOP-20,add
2001-10-10,TE-20,add
2001-10-10,GX-20,remove
2001-10-10,TX-20,remove
2001-11-07,HMA-20,add
2001-11-07,GPU-20,remove
2001-11-30,NVDA,add
2001-11-30,ENRNQ-20,remove
2001-12-03,EQR,add
2001-12-03,NSI-20,remove
2001-12-13,RAL-20,remove
2001-12-14,GENZ-20,add
2001-12-17,JNY-20,add
2001-12-17,HM-20,remove
2002-01-02,WAT,add
2002-01-02,FMC,remove
2002-01-17,PCL-20,add
2002-01-17,KM-20,remove
2002-01-30,CB,add
2002-01-30,MEA-20,remove
2002-02-01,RATL-20,add
2002-02-01,NMK-20,remove
2002-02-11,MI-20,add
2002-02-11,WLL-20,remove
2002-05-06,FHN,add
2002-05-06,CPQ-20,remove
2002-05-13,TT-20,add
2002-05-13,SAPE-20,remove
2002-05-15,APOL-20,add
2002-05-15,BJS-20,add
2002-05-15,UAWGQ-20,remove
2002-05-15,WCOEQ-20,remove
2002-06-26,SPG,add
2002-06-26,CNXT-20,remove
2002-07-16,IMNX-20,remove
2002-07-17,NFB-20,add
2002-07-22,EA,add
2002-07-22,EBAY,add
2002-07-22,GS,add
2002-07-22,PFG,add
2002-07-22,PRU,add
2002-07-22,SDS-20,add
2002-07-22,UPS,add
2002-07-22,ABX,remove
2002-07-22,AL-20,remove
2002-07-22,INCLF-20,remove
2002-07-22,NRTLQ-20,remove
2002-07-22,PDG-20,remove
2002-07-22,RDS-A,remove
2002-07-22,UN,remove
2002-07-25,ANTM,add
2002-07-25,CNC-20,remove
2002-08-14,MON-20,add
2002-08-14,PALM-20,remove
2002-08-21,VTSS-20,remove
2002-09-03,COC-B,remove
2002-09-04,RAI-20,add
2002-12-12,DGX,add
2002-12-12,TRW-20,remove
2003-02-21,RATL-20,remove
2003-02-24,AN,add
2003-03-14,AIV,add
2003-03-14,AAMRQ-20,remove
2003-03-21,MKC,add
2003-03-21,EHC,remove
2003-03-31,SYMC,add
2003-03-31,HI-20,remove
2003-04-16,FII,add
2003-04-16,PHA-20,remove
2003-07-17,PLD-20,add
2003-07-17,MIR-20,remove
2003-08-20,MHS-20,add
2003-08-20,MDR,remove
2003-09-26,ESRX,add
2003-09-26,QTRN-20,remove
2003-11-13,BIIB,add
2003-11-13,BGEN-20,remove
2004-02-27,MTB,add
2004-02-27,CE-20,remove
2004-03-25,CMX-20,add
2004-03-25,TUP,remove
2004-04-01,ETFC,add
2004-04-01,FBF-20,remove
2004-04-02,ACS-20,add
2004-04-23,MYL,add
2004-04-23,PCS-20,remove
2004-04-29,VLO,add
2004-04-29,JHF-20,remove
2004-05-03,HSP-20,add
2004-05-03,AM-20,remove
2004-07-01,GILD,add
2004-07-01,SOV-20,add
2004-07-01,ONE-20,remove
2004-07-01,UPC-20,remove
2004-08-03,FSH-20,add
2004-08-03,TNB-20,remove
2004-09-01,TPR,add
2004-09-01,CF-20,remove
2004-10-27,CITGQ-20,add
2004-10-27,AWE-20,remove
2004-11-01,LH,add
2004-11-01,SOTR-20,remove
2004-12-01,LLL,add
2004-12-01,WLP-20,remove
2004-12-03,FSL-20,add
2004-12-03,WNDXQ-20,remove
2004-12-20,ASN-20,add
2004-12-20,CBSS-20,add
2004-12-20,FOXA,add
2004-12-20,CR,remove
2004-12-20,DLX,remove
2004-12-20,WOR,remove
2004-12-29,XTO-20,add
2004-12-29,PSFT-20,remove
2005-03-14,NOV,add
2005-03-14,PWER-20,remove
2005-03-28,SHLD,add
2005-03-28,S-20,remove
2005-07-05,DHI,add
2005-07-05,STZ,add
2005-07-05,GLK-20,remove
2005-07-05,VRTS-20,remove
2005-07-22,WFT,add
2005-07-22,TOY-20,remove
2005-08-11,TSN,add
2005-08-11,UCL-20,remove
2005-08-12,VNO,add
2005-08-12,SDS-20,remove
2005-08-15,MUR,add
2005-08-15,NXTL-20,remove
2005-08-19,PSA,add
2005-08-19,DALRQ-20,remove
2005-08-29,MAY-20,remove
2005-08-30,CVH-20,add
2005-10-03,AMP,add
2005-10-03,G-20,remove
2005-10-03,PVN-20,remove
2005-10-04,LEN,add
2005-10-11,PDCO,add
2005-10-11,DPHIQ-20,remove
2005-11-21,AMZN,add
2005-11-21,T-20,remove
2005-12-02,GNW,add
2005-12-02,CPNLQ-20,remove
2005-12-20,SSP,add
2005-12-20,GP-20,remove
2006-01-03,VIAB,add
2006-01-03,WFM-20,add
2006-01-03,KRB-20,remove
2006-01-03,VSTNQ-20,remove
2006-01-04,MERQ-20,remove
2006-01-05,EL,add
2006-02-01,HAR-20,add
2006-02-01,VRSN,add
2006-02-01,RBK-20,remove
2006-02-01,SEBL-20,remove
2006-02-27,BRL-20,add
2006-02-27,SFA-20,remove
2006-03-03,CHK,add
2006-03-03,DCNAQ-20,remove
2006-04-03,BXP,add
2006-04-03,DF,add
2006-04-03,GOOGL,add
2006-04-03,KIM,add
2006-04-03,BR-20,remove
2006-04-03,CIN-20,remove
2006-04-03,JP-20,remove
2006-04-03,MYG-20,remove
2006-04-20,SNDK-20,add
2006-04-20,CHIR-20,remove
2006-04-24,LM,add
2006-04-24,GDT-20,remove
2006-05-18,EQ-20,add
2006-05-18,AMCC-20,remove
2006-06-02,JNPR,add
2006-06-02,ABS-20,remove
2006-06-06,CBH-20,add
2006-06-06,EC-20,remove
2006-06-28,CNX,add
2006-06-28,KRI-20,remove
2006-07-18,WIN,add
2006-07-18,CTB,remove
2006-08-01,H-20,add
2006-08-01,WYND,add
2006-08-01,CAR,remove
2006-08-01,GTW-20,remove
2006-08-11,CME,add
2006-08-11,KMG-20,remove
2006-10-02,SII-20,add
2006-10-02,WU,add
2006-10-02,ANDW-20,remove
2006-10-02,GDW-20,remove
2006-11-06,CELG,add
2006-11-06,ASO-20,remove
2006-11-10,CBRE,add
2006-11-10,FIS,add
2006-11-10,FSH-20,remove
2006-11-10,LPX,remove
2006-11-17,CTSH,add
2006-11-17,ACV-20,remove
2006-11-20,BTUUQ-20,add
2006-11-20,HCA-20,remove
2006-12-01,IAC,add
2006-12-01,STR-20,add
2006-12-01,LU-20,remove
2006-12-01,NFB-20,remove
2006-12-04,DTV-20,add
2006-12-04,FSL-20,remove
2006-12-20,TEX,add
2006-12-20,NAV,remove
2007-01-03,SE-20,add
2007-01-03,BLS-20,remove
2007-01-03,PTC,remove
2007-01-04,ESV,add
2007-01-10,AVB,add
2007-01-10,SBL-20,remove
2007-02-01,CMVT-20,remove
2007-02-02,RL,add
2007-02-12,VAR,add
2007-02-12,EOP-20,remove
2007-02-15,HCBK-20,add
2007-02-15,APCC-20,remove
2007-02-22,TEG-20,add
2007-02-22,PGL-20,remove
2007-03-02,CHRW,add
2007-03-02,HMA-20,remove
2007-03-20,HST,add
2007-03-20,PD-20,remove
2007-03-23,DDR,add
2007-03-23,CMX-20,remove
2007-03-29,ANF,add
2007-03-29,UVN-20,remove
2007-04-02,MDLZ,add
2007-04-02,TSG-20,remove
2007-04-10,AIZ,add
2007-04-10,H-20,remove
2007-05-31,SUNEQ-20,add
2007-05-31,KMI-20,remove
2007-06-01,PCP-20,add
2007-06-01,MEDI-20,remove
2007-07-02,COV-20,add
2007-07-02,DFS,add
2007-07-02,GGP,add
2007-07-02,GGP-20,add
2007-07-02,TEL,add
2007-07-02,ADCT-20,remove
2007-07-02,MEL-20,remove
2007-07-02,PMCS-20,remove
2007-07-02,SANM,remove
2007-07-09,ACAS-20,add
2007-07-09,DG-20,remove
2007-07-12,AKAM,add
2007-07-12,BMET-20,remove
2007-08-27,JEF,add
2007-08-27,KSE-20,remove
2007-09-07,MCHP,add
2007-09-07,CBSS-20,remove
2007-09-25,FDC-20,remove
2007-09-26,ICE,add
2007-09-27,ANDV,add
2007-09-27,MXIM,remove
2007-10-01,TDC,add
2007-10-01,NCR,remove
2007-10-02,EXPE,add
2007-10-02,SLR-20,remove
2007-10-08,NBL,add
2007-10-08,ASN-20,remove
2007-10-10,EXPD,add
2007-10-10,TXU-20,remove
2007-10-25,NYX-20,add
2007-10-25,HLT-20,remove
2007-10-26,JEC,add
2007-10-26,AV-20,remove
2007-10-29,TIE-20,add
2007-10-29,BOL-20,remove
2007-11-09,POM-20,add
2007-11-09,HCR-20,remove
2007-11-16,MTW,add
2007-11-16,TEK-20,remove
2007-11-19,AMT,add
2007-11-19,AT-20,remove
2007-12-14,GME,add
2007-12-14,DJ-20,remove
2007-12-21,RRC,add
2007-12-21,TRB-20,remove
2007-12-31,GHC,add
2007-12-31,TIN-20,remove
2008-01-02,TSS,add
2008-01-02,SNV,remove
2008-01-29,CAM-20,add
2008-01-29,HET-20,remove
2008-03-31,HCP,add
2008-03-31,PM,add
2008-03-31,CBH-20,remove
2008-03-31,CCTYQ-20,remove
2008-06-02,ISRG,add
2008-06-02,BSC-20,remove
2008-06-06,SWN,add
2008-06-06,TT-20,remove
2008-06-11,LO-20,add
2008-06-11,ABKFQ-20,remove
2008-06-23,COG,add
2008-06-23,MEE-20,add
2008-06-23,BC,remove
2008-06-23,OMX-20,remove
2008-07-01,AKS,add
2008-07-01,SNI-20,add
2008-07-01,CFC-20,remove
2008-07-01,SSP,remove
2008-07-18,MA,add
2008-07-18,CB,remove
2008-07-31,DVA,add
2008-07-31,CCU-20,remove
2008-08-21,IVZ,add
2008-08-21,IAC,remove
2008-08-26,EDS-20,remove
2008-08-27,CF,add
2008-09-11,FMCC,remove
2008-09-11,FNMA,remove
2008-09-15,CRM,add
2008-09-15,FAST,add
2008-09-17,LEHMQ-20,remove
2008-09-22,HRS,add
2008-09-23,SAF-20,remove
2008-09-24,PXD,add
2008-09-30,APH,add
2008-09-30,WAMUQ-20,remove
2008-09-30,WEN-20,remove
2008-10-02,FLS,add
2008-10-07,KDP,add
2008-10-07,WWY-20,remove
2008-10-22,NDAQ,add
2008-10-22,DDS,remove
2008-10-31,WEC,add
2008-10-31,MTG,remove
2008-11-06,SJM,add
2008-11-06,TEX,remove
2008-11-11,UIS,remove
2008-11-13,PBCT,add
2008-11-13,GGP,remove
2008-11-13,GGP-20,remove
2008-11-14,WYNN,add
2008-11-14,XRAY,add
2008-11-14,ASH,remove
2008-11-14,HPC-20,remove
2008-11-17,CEPH-20,add
2008-11-18,BUD-20,remove
2008-11-19,SRCL,add
2008-11-24,LIFE-20,add
2008-11-24,ABI-20,remove
2008-12-02,DNB,add
2008-12-02,KATE-20,remove
2008-12-05,RSG,add
2008-12-05,AW-20,remove
2008-12-19,EQT,add
2008-12-19,RIG,remove
2008-12-23,MFE-20,add
2008-12-23,BRL-20,remove
2009-01-02,FLIR,add
2009-01-02,OI,add
2009-01-02,SCG,add
2009-01-02,MER-20,remove
2009-01-02,NCC-20,remove
2009-01-02,WB-20,remove
2009-01-06,IRM,add
2009-01-06,UST-20,remove
2009-01-30,WELL,add
2009-01-30,SOV-20,remove
2009-02-26,DO,add
2009-02-26,WFT,remove
2009-03-04,HRL,add
2009-03-04,VTR,add
2009-03-04,ACAS-20,remove
2009-03-04,JNY-20,remove
2009-03-17,ES,add
2009-03-17,JCI,remove
2009-03-27,ORLY,add
2009-03-27,NE,remove
2009-03-30,TWC-20,add
2009-03-30,DDR,remove
2009-04-02,DNR,add
2009-04-02,ROH-20,remove
2009-06-03,MTLQQ-20,remove
2009-06-05,FTI-20,add
2009-06-05,COV-20,remove
2009-06-09,ATGE,add
2009-06-26,TEL,remove
2009-06-30,TMUS,add
2009-07-01,PWR,add
2009-07-01,WDC,add
2009-07-01,EQ-20,remove
2009-07-01,IR,remove
2009-07-27,RHT,add
2009-07-27,CITGQ-20,remove
2009-08-19,FMC,add
2009-08-19,CTX-20,remove
2009-09-01,CFN-20,add
2009-09-01,MTW,remove
2009-09-09,ARG-20,add
2009-09-09,CBE-20,remove
2009-10-16,FSLR,add
2009-10-16,WYE-20,remove
2009-11-04,SGP-20,remove
2009-11-06,BKNG,add
2009-12-21,CLF,add
2009-12-21,LDOS,add
2009-12-21,MJN-20,add
2009-12-21,ROST,add
2009-12-21,V,add
2009-12-21,CIEN,remove
2009-12-21,CVG,remove
2009-12-21,DYN-20,remove
2009-12-21,KBH,remove
2009-12-21,MBI,remove
2009-12-23,ROP,add
2009-12-23,ESV,remove
2010-01-27,JAVA-20,remove
2010-01-29,NRG,add
2010-02-08,URBN,add
2010-02-08,ACS-20,remove
2010-02-16,BRK-B,add
2010-02-16,BNI-20,remove
2010-02-26,RX-20,remove
2010-03-01,DISCA,add
2010-03-01,HP,add
2010-03-01,PBG-20,remove
2010-03-15,OKE,add
2010-03-15,BDK-20,remove
2010-04-29,BJS-20,remove
2010-04-30,CERN,add
2010-06-28,KMX,add
2010-06-28,XTO-20,remove
2010-07-01,QEP,add
2010-07-01,STR-20,remove
2010-07-15,CB,add
2010-07-15,MIL-20,remove
2010-08-27,JCI,add
2010-08-27,SII-20,remove
2010-11-17,IR,add
2010-11-17,PTV-20,remove
2010-12-20,CVC-20,add
2010-12-20,FFIV,add
2010-12-20,NFLX,add
2010-12-20,NFX,add
2010-12-20,EKDKQ-20,remove
2010-12-20,KG-20,remove
2010-12-20,NYT,remove
2010-12-20,ODP,remove
2011-01-04,MMI-20,add
2011-01-04,MDP,remove
2011-01-18,NE,add
2011-01-18,QLGC-20,remove
2011-02-28,JOY-20,add
2011-02-28,AYE-20,remove
2011-03-01,COV-20,add
2011-03-01,MFE-20,remove
2011-04-01,EW,add
2011-04-01,Q-20,remove
2011-04-04,BLK,add
2011-04-04,GENZ-20,remove
2011-04-28,CMG,add
2011-04-28,NOVL-20,remove
2011-06-02,ANRZQ-20,add
2011-06-02,MEE-20,remove
2011-06-03,PLD,add
2011-06-03,PLD-20,remove
2011-07-01,MPC,add
2011-07-01,RSHCQ-20,remove
2011-07-06,ACN,add
2011-07-06,MI-20,remove
2011-09-26,MOS,add
2011-09-26,NSM-20,remove
2011-10-14,CEPH-20,remove
2011-10-17,TEL,add
2011-11-01,XYL,add
2011-11-01,ITT,remove
2011-11-23,CBE-20,add
2011-11-23,JNS-20,remove
2011-12-12,GAS-20,remove
2011-12-13,GAS-20,add
2011-12-19,BWA,add
2011-12-19,DLTR,add
2011-12-19,PRGO,add
2011-12-19,AKS,remove
2011-12-19,MWW-20,remove
2011-12-19,SUNEQ-20,remove
2011-12-21,TRIP,add
2011-12-21,TLAB-20,remove
2012-01-03,WPX,add
2012-01-03,CPWR-20,remove
2012-03-13,CCI,add
2012-03-13,CEG-20,remove
2012-04-02,MHS-20,remove
2012-04-04,FOSL,add
2012-05-01,PSX,add
2012-05-01,SVU,remove
2012-05-22,MMI-20,remove
2012-05-25,ALXN,add
2012-05-25,KMI,add
2012-05-25,EP-20,remove
2012-06-05,LRCX,add
2012-06-05,NVLS-20,remove
2012-06-29,MNST,add
2012-06-29,HSH-20,remove
2012-07-02,STX,add
2012-07-02,PGN-20,remove
2012-07-27,GR-20,remove
2012-07-31,ESV,add
2012-09-05,LYB,add
2012-09-05,SHLD,remove
2012-10-01,PNR,add
2012-10-01,ATGE,remove
2012-10-01,LXK-20,remove
2012-10-02,ADT-20,add
2012-10-02,KRFT-20,add
2012-10-02,ANRZQ-20,remove
2012-10-05,PETM-20,add
2012-10-05,SUN-20,remove
2012-12-03,DG,add
2012-12-03,CBE-20,remove
2012-12-12,GRMN,add
2012-12-12,RRD,remove
2012-12-24,APTV,add
2012-12-24,TIE-20,remove
2013-01-02,ABBV,add
2013-01-02,FII,remove
2013-02-14,PVH,add
2013-02-14,BIG,remove
2013-05-01,REGN,add
2013-05-01,TMUS,remove
2013-05-07,CVH-20,remove
2013-05-09,MAC,add
2013-05-24,KSU,add
2013-05-24,DF,remove
2013-06-07,GM,add
2013-06-07,HNZ-20,remove
2013-06-24,ZTS,add
2013-06-24,FHN,remove
2013-07-01,NWSA,add
2013-07-01,APOL-20,remove
2013-07-09,NLSN,add
2013-07-09,S,remove
2013-09-11,DAL,add
2013-09-11,BMC-20,remove
2013-09-23,AME,add
2013-09-23,VRTX,add
2013-09-23,AMD,remove
2013-09-23,LDOS,remove
2013-10-29,RIG,add
2013-10-29,DELL-20,remove
2013-11-13,KORS,add
2013-11-13,NYX-20,remove
2013-12-02,ALLE,add
2013-12-02,JCP,remove
2013-12-09,MOLX-20,remove
2013-12-10,GGP,add
2013-12-10,GGP-20,add
2013-12-23,ADS,add
2013-12-23,FB,add
2013-12-23,MHK,add
2013-12-23,ANF,remove
2013-12-23,TER,remove
2013-12-23,VIAV,remove
2014-01-24,TSCO,add
2014-01-24,LIFE-20,remove
2014-03-24,GMCR-20,add
2014-03-24,WPX,remove
2014-04-02,ESS,add
2014-04-02,CLF,remove
2014-04-03,GOOG,add
2014-05-01,NAVI,add
2014-05-01,UAA,add
2014-05-01,BEAM-20,remove
2014-05-01,SLM,remove
2014-05-07,LSI-20,remove
2014-05-08,AVGO,add
2014-06-20,XEC,add
2014-06-20,IGT-20,remove
2014-07-01,AMG,add
2014-07-01,FRX-20,remove
2014-07-02,MLM,add
2014-07-02,X,remove
2014-08-07,DISCK,add
2014-08-19,MNK,add
2014-08-19,RDC,remove
2014-09-22,UHS,add
2014-09-22,URI,add
2014-09-22,BTUUQ-20,remove
2014-09-22,GHC,remove
2014-11-05,LVLT-20,add
2014-11-05,JBL,remove
2014-12-05,RCL,add
2014-12-05,BMS,remove
2015-01-27,ENDP,add
2015-01-27,HCA,add
2015-01-27,COV-20,remove
2015-01-27,SWY-20,remove
2015-03-12,SWKS,add
2015-03-12,PETM-20,remove
2015-03-17,AGN-20,remove
2015-03-17,CFN-20,remove
2015-03-18,HSIC,add
2015-03-23,AAL,add
2015-03-23,EQIX,add
2015-03-23,HBI,add
2015-03-23,SLG,add
2015-03-23,AVP,remove
2015-03-23,DNR,remove
2015-03-23,NBR,remove
2015-04-07,O,add
2015-04-07,WIN,remove
2015-06-12,QRVO,add
2015-06-12,LO-20,remove
2015-06-30,TEG-20,remove
2015-07-01,BXLT-20,add
2015-07-01,JBHT,add
2015-07-01,QEP,remove
2015-07-02,CPGX-20,add
2015-07-02,WRK,add
2015-07-02,ATI,remove
2015-07-02,MWV-20,remove
2015-07-06,KHC,add
2015-07-06,KRFT-20,remove
2015-07-07,FDO-20,remove
2015-07-09,AAP,add
2015-07-20,PYPL,add
2015-07-20,NE,remove
2015-07-27,DTV-20,remove
2015-07-29,SIG,add
2015-08-31,ATVI,add
2015-08-31,PLL-20,remove
2015-09-03,UAL,add
2015-09-03,HSP-20,remove
2015-09-21,CMCSK-20,add
2015-09-21,FOX,add
2015-09-21,NWS,add
2015-10-08,VRSK,add
2015-10-08,JOY-20,remove
2015-11-02,HPE,add
2015-11-02,HCBK-20,remove
2015-11-10,FCPT,add
2015-11-17,FCPT,remove
2015-11-18,SYF,add
2015-11-18,GNW,remove
2015-11-18,SIAL-20,remove
2015-11-19,ILMN,add
2015-11-30,CSRA-20,add
2015-12-01,DXC,remove
2015-12-14,CMCSK-20,remove
2015-12-28,ALTR-20,remove
2015-12-29,CHD,add
2016-01-04,AET-20,add
2016-01-04,ANDV-20,add
2016-01-04,CA-20,add
2016-01-04,CCEP,add
2016-01-04,COL-20,add
2016-01-04,CPRI,add
2016-01-04,ESRX-20,add
2016-01-04,PX-20,add
2016-01-04,SCG-20,add
2016-01-05,WLTW,add
2016-01-05,FOSL,remove
2016-01-15,CB-20,remove
2016-01-19,EXR,add
2016-02-01,CFG,add
2016-02-01,FRT,add
2016-02-01,BRCM-20,remove
2016-02-01,PCP-20,remove
2016-02-22,CXO,add
2016-02-22,PCL-20,remove
2016-03-03,GMCR-20,remove
2016-03-04,AWK,add
2016-03-04,CNX,remove
2016-03-07,UDR,add
2016-03-24,POM-20,remove
2016-03-30,CNC,add
2016-03-30,HOLX,add
2016-03-30,ESV,remove
2016-04-04,FL,add
2016-04-04,CAM-20,remove
2016-04-08,UA,add
2016-04-18,ULTA,add
2016-04-18,THC,remove
2016-04-25,GPN,add
2016-04-25,GME,remove
2016-05-02,ADT-20,remove
2016-05-03,AYI,add
2016-05-12,SNDK-20,remove
2016-05-13,ALK,add
2016-05-18,DLR,add
2016-05-18,TWC-20,remove
2016-05-23,LKQ,add
2016-05-23,ARG-20,remove
2016-05-31,AJG,add
2016-05-31,CCE,remove
2016-05-31,CCEP,remove
2016-06-03,TDG,add
2016-06-03,BXLT-20,remove
2016-06-21,CVC-20,remove
2016-06-24,FBHS,add
2016-07-01,ALB,add
2016-07-01,LNT,add
2016-07-01,CPGX-20,remove
2016-07-01,GAS-20,remove
2016-07-01,TE-20,remove
2016-07-05,FTV,add
2016-09-06,MTD,add
2016-09-06,JCI-20,remove
2016-09-07,EMC-20,remove
2016-09-08,CHTR,add
2016-09-23,COO,add
2016-09-23,HOT-20,remove
2016-10-03,COTY,add
2016-10-03,DO,remove
2016-12-02,EVHC,add
2016-12-02,EVHC-20,add
2016-12-02,MAA,add
2016-12-02,LM,remove
2016-12-02,OI,remove
2017-01-05,IDXX,add
2017-01-05,STJ-20,remove
2017-01-17,FTI,add
2017-01-17,FTI-20,remove
2017-02-27,SE-20,remove
2017-02-28,INCY,add
2017-03-01,CBOE,add
2017-03-01,PBI,remove
2017-03-02,REG,add
2017-03-02,ENDP,remove
2017-03-13,DISH,add
2017-03-13,HAR-20,remove
2017-03-13,LLTC-20,remove
2017-03-16,SNPS,add
2017-03-20,AMD,add
2017-03-20,ARE,add
2017-03-20,RJF,add
2017-03-20,FSLR,remove
2017-03-20,FTR,remove
2017-03-20,URBN,remove
2017-04-04,DXC,add
2017-04-04,SWN,remove
2017-04-05,IT,add
2017-04-05,DNB,remove
2017-06-02,INFO,add
2017-06-02,TGNA,remove
2017-06-15,MJN-20,remove
2017-06-19,ALGN,add
2017-06-19,ANSS,add
2017-06-19,HLT,add
2017-06-19,RE,add
2017-06-19,AABA,remove
2017-06-19,R,remove
2017-06-19,TDC,remove
2017-07-25,RAI-20,remove
2017-07-26,AOS,add
2017-07-26,DRE,add
2017-07-26,MGM,add
2017-07-26,PKG,add
2017-07-26,RMD,add
2017-07-26,BBBY,remove
2017-07-26,MNK,remove
2017-07-26,MUR,remove
2017-07-26,RIG,remove
2017-08-07,BHF,add
2017-08-08,AN,remove
2017-08-28,WFM-20,remove
2017-08-29,IQV,add
2017-09-01,DWDP,add
2017-09-01,SBAC,add
2017-09-01,DD-20,remove
2017-09-01,DOW-20,remove
2017-09-13,SPLS-20,remove
2017-09-18,CDNS,add
2017-10-13,NCLH,add
2017-10-13,LVLT-20,remove
2017-12-29,BCR-20,remove
2018-01-02,GGP,remove
2018-01-02,XL,remove
2018-01-03,HII,add
2018-03-07,IPGP,add
2018-03-07,SNI-20,remove
2018-03-19,NKTR,add
2018-03-19,SIVB,add
2018-03-19,TTWO,add
2018-03-19,CHK,remove
2018-03-19,PDCO,remove
2018-03-19,SIG,remove
2018-04-04,MSCI,add
2018-04-04,CSRA-20,remove
2018-05-31,ABMD,add
2018-05-31,WYND,remove
2018-06-05,EVRG,add
2018-06-05,NAVI,remove
2018-06-07,TWTR,add
2018-06-07,MON-20,remove
2018-06-15,TWX-20,remove
2018-06-18,BR,add
2018-06-18,HFC,add
2018-06-18,AYI,remove
2018-06-18,RRC,remove
2018-06-20,FLT,add
2018-07-02,CPRT,add
2018-07-02,KDP,remove
2018-08-28,ANET,add
2018-08-28,GGP-20,remove
2018-09-12,XL-20,remove
2018-09-17,WCG,add
2018-09-18,PX,remove
2018-09-18,SCG,remove
2018-09-19,AET,remove
2018-09-19,ANDV,remove
2018-09-19,CA,remove
2018-09-19,COL,remove
2018-09-19,ESRX,remove
2018-09-19,EVHC,remove
2018-09-19,KORS,remove
2018-10-01,ROL,add
2018-10-01,ANDV-20,remove
2018-10-11,FTNT,add
2018-10-11,EVHC-20,remove
2018-10-31,PX-20,remove
2018-11-06,KEYS,add
2018-11-06,CA-20,remove
2018-11-13,JKHY,add
2018-11-13,EQT,remove
2018-11-27,COL-20,remove
2018-11-29,AET-20,remove
2018-12-03,FANG,add
2018-12-03,LW,add
2018-12-03,MXIM,add
2018-12-03,SRCL,remove
2018-12-21,ESRX-20,remove
2018-12-24,CE,add
2019-01-02,FRC,add
2019-01-02,SCG-20,remove
