Trial,K_GMM,loss_GMM,loss_EW,loss_MC,loss_DRMC,loss_CMC,loss_DRCMC,loss_OTCMC,mean_GMM,mean_EW,mean_MC,mean_DRMC,mean_CMC,mean_DRCMC,mean_OTCMC
0,2.0,-6.964288839958706,-5.670124812030078,-1.967598632670616,-4.804135034785344,-11.033709662215852,-5.669594300945811,-5.669721926603352,1.1607148066597845,0.945020802005013,0.3279331054451027,0.8006891724642242,1.8389516103693087,0.9449323834909685,0.9449536544338921
1,3.0,-15.105861820837294,-13.507377443609018,-12.065709007884179,-12.162178844585931,-8.558049468018087,-13.506534607340836,-13.506269777471852,2.517643636806216,2.2512295739348365,2.0109515013140298,2.027029807430989,1.4263415780030144,2.251089101223473,2.2510449629119753
2,3.0,-5.729613373907765,-5.030714285714285,-5.8036105498127055,-4.895976851433486,-14.0102001396646,-5.0305708013974035,-5.0310038646042745,0.954935562317961,0.8384523809523808,0.9672684249687844,0.8159961419055809,2.335033356610767,0.8384284668995674,0.8385006441007126
3,2.0,-2.1408181991962474,-0.9750766917293235,-0.07283588058152568,-1.4044068708345383,-0.23616323774868267,-0.9752634689541538,-0.9752975112200588,0.3568030331993747,0.16251278195488728,0.012139313430254279,0.2340678118057564,0.03936053962478045,0.16254391149235897,0.16254958520334312
4,2.0,0.3597371194094156,0.6990345864661653,4.015661646946247,0.9593384470344114,11.129399564575463,0.6990103225730961,0.6989984759415094,-0.05995618656823593,-0.11650576441102754,-0.669276941157708,-0.1598897411724019,-1.854899927429244,-0.11650172042884935,-0.11649974599025156
5,2.0,-6.927056411071583,-4.625252631578952,0.8511828105021144,-3.489019130165385,-8.402189597052528,-4.6245210771934655,-4.624868165601981,1.154509401845264,0.7708754385964921,-0.14186380175035238,0.5815031883608974,1.4003649328420882,0.7707535128655776,0.7708113609336635
6,2.0,2.422755493080684,1.5828255639097746,2.638202852580406,1.2494956267263313,2.8660417243068212,1.582814498867742,1.5829004960998792,-0.403792582180114,-0.2638042606516291,-0.4397004754300676,-0.20824927112105518,-0.47767362071780345,-0.263802416477957,-0.26381674934997984
7,2.0,-2.460049494304669,-1.6739007518796996,-2.009313526272757,-0.7862360412443278,-1.7730848811086029,-1.6734180140590276,-1.6735273105831026,0.41000824905077815,0.2789834586466166,0.3348855877121262,0.13103934020738797,0.29551414685143385,0.27890300234317134,0.27892121843051715
8,3.0,3.9477079526858074,4.031891729323307,1.5269785528596702,3.125457465792237,4.256196694798153,4.031421068949979,4.03165009130437,-0.6579513254476346,-0.6719819548872179,-0.25449642547661167,-0.5209095776320395,-0.7093661157996922,-0.671903511491663,-0.6719416818840617
9,2.0,-4.490923350125541,-2.853315789473683,3.069893213359477,-2.7168985946096362,-8.13720553270704,-2.853183208199109,-2.8536081592368614,0.7484872250209235,0.4755526315789472,-0.5116488688932462,0.4528164324349394,1.35620092211784,0.47553053469985157,0.47560135987281027
10,2.0,-3.662933058231905,-4.232350375939851,-5.297107424767679,-4.554679233073077,-1.8173012180076398,-4.232307232327692,-4.2325021898990585,0.6104888430386508,0.7053917293233087,0.8828512374612799,0.7591132055121798,0.30288353633460663,0.7053845387212823,0.7054170316498432
11,2.0,3.804947953136436,3.010476691729324,0.8101744518707593,2.570803905408518,8.588592923375526,3.0102346132402182,3.010430490166497,-0.634157992189406,-0.5017461152882207,-0.13502907531179323,-0.4284673175680863,-1.431432153895921,-0.5017057688733697,-0.5017384150277495
12,2.0,2.814995109806934,2.9199533834586466,-1.4745968004886416,2.6966057190040402,5.23997076392765,2.9195881202754,2.9198922648678343,-0.46916585163448893,-0.48665889724310774,0.24576613341477363,-0.4494342865006733,-0.8733284606546081,-0.48659802004589997,-0.4866487108113058
13,2.0,0.5585817353403421,0.4371533834586466,-4.788925998736314,-0.3904540899548028,-1.6831272250963976,0.43633370755267037,0.4369164094400843,-0.093096955890057,-0.07285889724310776,0.798154333122719,0.06507568165913381,0.28052120418273296,-0.07272228459211173,-0.07281940157334738
14,2.0,3.506141217564282,2.978430075187971,-1.4055953233937428,2.525268004945045,21.08577086914539,2.9777369908977414,2.97839507859565,-0.584356869594047,-0.4964050125313284,0.2342658872322905,-0.4208780008241741,-3.514295144857565,-0.49628949848295695,-0.4963991797659415
15,3.0,13.774318716212122,13.914266165413547,11.670475433979284,13.6508457223269,8.761271385611915,13.913343895971463,13.914094257836526,-2.2957197860353538,-2.3190443609022573,-1.9450792389965474,-2.2751409537211504,-1.4602118976019858,-2.3188906493285772,-2.319015709639421
16,2.0,-5.822831694975196,-6.522851127819542,-0.2954042919526282,-5.731031650600568,-16.203051346203004,-6.521423598139164,-6.52228409714186,0.9704719491625328,1.0871418546365905,0.049234048658771366,0.9551719417667615,2.7005085577005006,1.0869039330231942,1.0870473495236435
17,2.0,10.484621505884546,10.58934436090225,6.749971440600444,9.935905017818769,2.5815933266666917,10.589043541943235,10.589006212305327,-1.7474369176474238,-1.7648907268170417,-1.124995240100074,-1.655984169636461,-0.4302655544444487,-1.7648405903238726,-1.7648343687175543
18,2.0,-7.9094565709030835,-7.873664661654132,-1.1890439328109594,-7.753363214010577,-10.4552089678254,-7.873283027224217,-7.873595352239454,1.3182427618171808,1.312277443609022,0.19817398880182657,1.292227202335096,1.7425348279708999,1.312213837870703,1.312265892039909
19,2.0,-7.140548718844436,-7.812500751879697,1.0909727893995056,-7.3894955590421905,-13.872604221519452,-7.81184634648305,-7.812045937868428,1.1900914531407394,1.3020834586466163,-0.18182879823325093,1.2315825931736986,2.3121007035865753,1.3019743910805084,1.3020076563114047
20,3.0,-0.7521870846204598,-1.4948812030075198,4.633163541229986,-0.367585838263304,-13.972989687206452,-1.4942308076161939,-1.494289536608044,0.12536451410340999,0.24914686716792003,-0.7721939235383309,0.06126430637721734,2.3288316145344092,0.24903846793603238,0.24904825610134068
21,2.0,-7.261572524639873,-7.015279699248124,4.714273635677415,-6.440214379558188,-10.284230272641818,-7.014563326014837,-7.01468652572194,1.2102620874399788,1.1692132832080209,-0.7857122726129024,1.0733690632596982,1.7140383787736364,1.1690938876691397,1.1691144209536568
22,2.0,-2.884294484296491,-3.042248120300751,-3.7330962971067647,-3.002804045490966,-3.5556956928837793,-3.042141699543286,-3.0421732015695007,0.4807157473827485,0.5070413533834586,0.6221827161844607,0.500467340915161,0.5926159488139632,0.5070236165905476,0.5070288669282502
23,2.0,-4.178237408148084,-6.903266165413539,-5.755166728724716,-6.166675954407659,-5.529830623439325,-6.902805001066595,-6.903064704588536,0.6963729013580141,1.1505443609022565,0.9591944547874529,1.02777932573461,0.9216384372398875,1.1504675001777658,1.150510784098089
24,2.0,-0.2176299852759389,-0.11881052631578942,-0.1137405631250499,-0.314053834247047,1.3555468961207877,-0.11893881737325349,-0.11893625312043472,0.036271664212656485,0.019801754385964907,0.018956760520841654,0.05234230570784119,-0.2259244826867979,0.019823136228875583,0.019822708853405785
25,2.0,-1.5014171624375607,-1.348300751879698,1.1624751091829353,-1.0015695371713353,-8.768975588671244,-1.3480934457440201,-1.348096653542884,0.25023619373959344,0.22471679197994965,-0.19374585153048915,0.16692825619522256,1.4614959314452074,0.22468224095733663,0.2246827755904807
26,3.0,-0.2681623868753224,-0.18810225563909763,4.231473261243843,-0.22903379882701982,-4.282106912188928,-0.18772170579773811,-0.18792575348647983,0.04469373114588708,0.0313503759398496,-0.7052455435406404,0.038172299804503304,0.7136844853648215,0.03128695096628969,0.031320958914413305
27,2.0,-2.8205101485453437,-2.8496721804511265,-2.029218383201518,-2.640039277725723,-10.731290601083742,-2.8495855297868022,-2.8497017154822295,0.4700850247575574,0.4749453634085211,0.3382030638669196,0.4400065462876206,1.7885484335139572,0.4749309216311337,0.474950285913705
28,3.0,-3.437464824837207,-0.6866751879699253,4.310785457183737,0.3545259353285695,-4.257713754628684,-0.6859517494508943,-0.6859143030030105,0.5729108041395344,0.11444586466165423,-0.7184642428639562,-0.05908765588809492,0.7096189591047807,0.11432529157514906,0.11431905050050177
29,2.0,0.07854707045376894,0.03338947368421055,-1.3433712334338341,-0.09896431505810009,-19.646850475251934,0.03311137910153758,0.03323620748809458,-0.01309117840896149,-0.005564912280701758,0.22389520557230566,0.01649405250968335,3.274475079208656,-0.005518563183589596,-0.0055393679146824295
30,2.0,3.2132457966479873,2.8996481203007516,-0.8866964648274028,2.3105481251776037,19.99540008712139,2.899269733718169,2.8995703812958347,-0.5355409661079977,-0.48327468671679197,0.14778274413790046,-0.3850913541962672,-3.332566681186898,-0.4832116222863615,-0.4832617302159724
31,3.0,-4.369725426071153,-3.968172932330829,7.8632616717672175,-2.694202008904761,-9.692741642228372,-3.9670585393456075,-3.9671297016673255,0.7282875710118588,0.6613621553884715,-1.3105436119612028,0.4490336681507936,1.6154569403713954,0.661176423224268,0.6611882836112211
32,3.0,-1.191658105819168,-0.9938526315789465,4.187239375162431,0.25771549177387265,5.251004343041473,-0.993268264766195,-0.9930365169640465,0.1986096843031947,0.16564210526315773,-0.6978732291937385,-0.0429525819623121,-0.8751673905069121,0.16554471079436586,0.16550608616067444
33,2.0,-2.0971110004980624,-2.121983458646617,-0.712609787283359,-1.6777498810552613,0.8185888647451113,-2.121563501311464,-2.121625904490142,0.34951850008301044,0.3536639097744362,0.11876829788055984,0.2796249801758769,-0.13643147745751855,0.353593916885244,0.35360431741502374
34,2.0,-8.850881003536115,-8.144157894736846,-2.849332514785733,-7.014798600910279,-0.32278634863544264,-8.143156935845884,-8.143421331509831,1.4751468339226859,1.3573596491228075,0.4748887524642889,1.169133100151713,0.05379772477257379,1.3571928226409808,1.357236888584972
35,3.0,14.609663491688227,12.940753383458647,5.590665409297721,12.348980893557982,21.420283554653462,12.939886314101031,12.940263603599753,-2.434943915281371,-2.1567922305764413,-0.9317775682162868,-2.0581634822596633,-3.5700472591089105,-2.1566477190168385,-2.156710600599959
36,3.0,4.747694754931159,4.653727819548868,3.0872446395316655,4.615057042156578,5.464441614674886,4.654116292936285,4.653838361045921,-0.7912824591551931,-0.7756213032581446,-0.5145407732552776,-0.769176173692763,-0.9107402691124808,-0.7756860488227142,-0.7756397268409868
37,2.0,-12.88267595642868,-12.944875187969915,-5.529494515014815,-12.548035016388809,-8.93652367886629,-12.944455315111684,-12.944607103573592,2.14711265940478,2.157479197994986,0.921582419169136,2.0913391693981347,1.4894206131443817,2.1574092191852805,2.1574345172622653
38,3.0,2.520286876486651,2.441320300751879,6.592211535344755,2.5296432606578505,-1.6073999995021953,2.441212141583443,2.441317010987176,-0.4200478127477752,-0.4068867167919798,-1.0987019225574592,-0.42160721010964175,0.26789999991703256,-0.40686869026390715,-0.4068861684978627
39,3.0,2.7680028657726625,3.1663323308270668,11.15114341537259,4.09160532066584,-19.855517477371652,3.166740882270036,3.1664291986564397,-0.46133381096211035,-0.5277220551378444,-1.8585239025620985,-0.6819342201109733,3.309252912895276,-0.5277901470450059,-0.5277381997760733
40,2.0,8.064538935202513,8.262434586466176,11.136589479608224,8.248800785821567,-36.7561893337642,8.262122972710303,8.262227016662802,-1.344089822533752,-1.377072431077696,-1.8560982466013707,-1.374800130970261,6.126031555627367,-1.3770204954517173,-1.377037836110467
41,2.0,-14.51336302192266,-14.397111278195496,-11.825030227109115,-14.161861075366774,-29.615812209918797,-14.396740032222437,-14.39720827816518,2.4188938369871105,2.3995185463659157,1.9708383711848527,2.360310179227796,4.935968701653133,2.3994566720370734,2.39953471302753
42,2.0,-4.370494645349462,-4.000126315789474,-5.054887854666673,-3.472136825720742,27.734999999958976,-3.9998031902308826,-4.000618945529776,0.7284157742249103,0.6666877192982457,0.8424813091111122,0.578689470953457,-4.6224999999931615,0.6666338650384805,0.6667698242549627
43,2.0,-0.5844093570339416,-1.3298075187969909,-6.972908428989634,-2.109769464513289,18.416999999968294,-1.3300201438621255,-1.3290096123368837,0.09740155950565695,0.22163458646616518,1.1621514048316057,0.35162824408554816,-3.069499999994716,0.22167002397702096,0.22150160205614727
44,3.0,-6.2684166470459575,-6.034073684210528,-5.966807597372209,-5.641649511436812,-10.345613947428536,-6.034071415392825,-6.0342259908405955,1.044736107840993,1.0056789473684213,0.9944679328953682,0.9402749185728022,1.724268991238089,1.0056785692321377,1.005704331806766
45,3.0,-3.5084639219235116,-3.5598736842105247,-2.9823939962278114,-3.5478326849307162,-13.714278105509937,-3.5594523654881485,-3.5594790098712346,0.5847439869872519,0.593312280701754,0.49706566603796853,0.5913054474884527,2.2857130175849893,0.5932420609146916,0.5932465016452058
46,2.0,-4.5262436248847635,-4.351033082706769,-6.067126865258868,-4.080906600437255,13.611011780935844,-4.350908467429117,-4.35137611074626,0.7543739374807938,0.7251721804511281,1.0111878108764782,0.6801511000728758,-2.268501963489307,0.7251514112381863,0.7252293517910435
47,3.0,-5.509032286166565,-5.641748872180449,-4.042055291128133,-5.703594544924917,6.906490425238913,-5.641646716182852,-5.641433668840483,0.9181720476944275,0.9402914786967417,0.6736758818546889,0.9505990908208195,-1.151081737539819,0.940274452697142,0.9402389448067473
48,3.0,5.399029075724549,5.128527819548869,0.5353818086612979,4.273179382966274,22.3732725234705,5.127915527182456,5.12872421120954,-0.8998381792874247,-0.8547546365914781,-0.08923030144354964,-0.7121965638277123,-3.72887875391175,-0.8546525878637425,-0.8547873685349233
49,2.0,-2.7180538879936926,-2.352470676691729,2.3594357082719513,-1.7616919593793043,-6.778681797023903,-2.3518656501204016,-2.352475030301345,0.4530089813322822,0.39207844611528814,-0.3932392847119918,0.2936153265632174,1.129780299503984,0.39197760835340034,0.39207917171689094
50,2.0,5.344322168291862,4.98903909774436,5.171050795834441,4.7131590448542715,13.972001038775051,4.988541659866939,4.988657492456176,-0.890720361381977,-0.8315065162907266,-0.8618417993057401,-0.785526507475712,-2.3286668397958414,-0.8314236099778232,-0.8314429154093627
51,3.0,0.6385755217228107,0.7480030075187972,-6.523976377879675,0.5201571975658148,-1.6006357970655003,0.747648935608666,0.7479833063139594,-0.10642925362046843,-0.12466716791979954,1.0873293963132795,-0.08669286626096911,0.2667726328442501,-0.12460815593477764,-0.1246638843856599
52,3.0,-0.30047020452312695,-0.5330541353383464,-5.280317841812099,-1.3795335010901637,4.9598640840982515,-0.5338827321568028,-0.511757707962723,0.05007836742052116,0.0888423558897244,0.8800529736353498,0.22992225018169396,-0.8266440140163752,0.08898045535946716,0.0852929513271205
53,2.0,8.358702316012009,8.134207518797,-0.4964501058693542,6.995421431814367,22.585674300122445,8.133268902182465,8.104939107621734,-1.393117052668668,-1.3557012531328332,0.08274168431155904,-1.165903571969061,-3.7642790500204066,-1.355544817030411,-1.3508231846036223
54,3.0,-0.09280915304248631,-0.11363007518796994,6.143021788990791,0.2296317063067965,-0.5866689186832298,-0.11331861199317564,-0.08723280731904368,0.01546819217374772,0.01893834586466166,-1.0238369648317984,-0.03827195105113275,0.09777815311387164,0.01888643533219594,0.014538801219840611
55,3.0,-7.796311754317128,-7.55890075187971,-3.757143501755359,-6.975553607037884,-9.49550540402003,-7.558335824992746,-7.572901382492173,1.2993852923861884,1.2598167919799517,0.6261905836258933,1.1625922678396472,1.5825842340033387,1.259722637498791,1.2621502304153622
56,2.0,-11.597224451238347,-11.93424360902256,-11.48524352512155,-11.940524801115595,-0.3336259389322844,-11.93419695718045,-11.879573447089589,1.9328707418730582,1.9890406015037603,1.914207254186925,1.990087466852599,0.05560432315538075,1.9890328261967418,1.9799289078482651
57,2.0,2.1938311568721596,2.419317293233082,-2.2752962043590896,1.656568343336768,10.109846032385512,2.418484863001469,2.3360275745122503,-0.3656385261453599,-0.4032195488721803,0.3792160340598484,-0.2760947238894613,-1.6849743387309188,-0.4030808105002448,-0.38933792908537507
58,2.0,-0.6504556521528383,-0.41656992481203,1.8021466803192627,0.3456183511007082,-10.286778128338586,-0.4156364166599153,-0.40133854325800106,0.1084092753588064,0.06942832080200499,-0.30035778005321045,-0.05760305851678468,1.7144630213897647,0.0692727361099859,0.06688975720966685
59,2.0,0.9070358679083453,0.953294736842107,4.558663472251077,0.7354323700168679,8.861324097634935,0.9531966495485945,1.0227475287701306,-0.15117264465139085,-0.15888245614035118,-0.7597772453751794,-0.12257206166947798,-1.4768873496058221,-0.15886610825809908,-0.17045792146168845
60,2.0,-6.239866132058385,-6.426836090225561,-6.117107991824193,-6.065526292976088,-4.123725173014245,-6.4263474177859035,-6.326971324203284,1.0399776886763974,1.071139348370927,1.0195179986373655,1.0109210488293479,0.6872875288357074,1.0710579029643172,1.0544952207005474
61,3.0,-6.015142118321094,-6.091057142857149,-8.214789604083963,-6.418181277773345,-3.028792564474149,-6.09131018161286,-6.113763318261786,1.0025236863868492,1.0151761904761918,1.3691316006806606,1.0696968796288908,0.5047987607456916,1.0152183636021435,1.018960553043631
62,2.0,-0.3443057361530227,-0.34526015037593977,-3.241013485978538,-0.27619815079741467,-0.2390141564459392,-0.3452465939045363,-0.3554897020066956,0.05738428935883711,0.05754335839598996,0.5401689143297564,0.04603302513290244,0.03983569274098987,0.057541098984089385,0.059248283667782606
63,2.0,1.726588313651185,1.805302255639097,1.586002885329289,1.9202336396725757,1.5381615975716616,1.8055723027303985,1.7721683197518396,-0.2877647189418642,-0.3008837092731828,-0.26433381422154817,-0.32003893994542926,-0.2563602662619436,-0.300928717121733,-0.2953613866253066
64,2.0,-0.5208925451249978,-0.6195248120300747,-1.4012193536122015,-0.8279748001432786,2.3529877531775623,-0.6195535463565408,-0.5926286331114798,0.08681542418749964,0.1032541353383458,0.23353655893536696,0.1379958000238798,-0.39216462552959364,0.10325892439275684,0.09877143885191333
65,3.0,-3.8042293725397975,-3.8618345864661645,-5.710350404227501,-3.819768831222551,-5.756317497990075,-3.8616573715829396,-3.8484804809847986,0.6340382287566331,0.6436390977443608,0.9517250673712502,0.6366281385370919,0.9593862496650125,0.6436095619304899,0.6414134134974664
66,2.0,-1.0749828197086242,-1.0982962406015035,-0.4748694278298841,-1.2014812340591607,2.621542510428017,-1.09839373495869,-1.127522670917831,0.17916380328477075,0.18304937343358393,0.07914490463831403,0.20024687234319344,-0.43692375173800285,0.18306562249311506,0.18792044515297182
67,3.0,1.2351884655396652,1.1377383458646622,-4.666644099171329,0.6849244142677524,-0.3108252166391003,1.1375519964075729,1.0951253561429162,-0.20586474425661086,-0.18962305764411033,0.7777740165285547,-0.11415406904462541,0.051804202773183386,-0.18959199940126215,-0.18252089269048596
68,3.0,-1.1782575030392441,-1.326142857142857,3.6336226841499815,-0.74850894012077,2.9093561052666543,-1.325815385092047,-1.2783519405225852,0.19637625050654076,0.22102380952380954,-0.6056037806916635,0.12475149002012835,-0.484892684211109,0.22096923084867454,0.21305865675376418
69,2.0,-4.5368850624026384,-4.65876992481203,-10.084547454142273,-5.271836087398841,-4.873799001604602,-4.6591130850025735,-4.680723524878762,0.7561475104004399,0.7764616541353383,1.6807579090237124,0.8786393478998069,0.8122998336007669,0.7765188475004291,0.7801205874797936
70,2.0,-2.787748249288286,-2.6615789473684184,-3.7494357653127466,-2.827447897609139,-1.5322722936314865,-2.661654235406008,-2.682454751072388,0.4646247082147144,0.44359649122806977,0.6249059608854578,0.4712413162681899,0.2553787156052478,0.4436090392343347,0.4470757918453982
71,3.0,2.314208593544605,2.3844511278195486,-0.6791018896950527,2.3483746041068407,-2.6888776070255513,2.3843128019213395,2.365061459928781,-0.38570143225743414,-0.3974085213032581,0.1131836482825088,-0.39139576735114,0.4481462678375919,-0.39738546698689,-0.39417690998813015
72,2.0,3.9362420784994057,4.302542857142858,-3.495460243767808,3.219965514779489,6.047494343789737,4.301544977112229,4.211156293762151,-0.6560403464165676,-0.7170904761904762,0.5825767072946347,-0.5366609191299148,-1.007915723964956,-0.7169241628520382,-0.7018593822936918
73,3.0,-7.376381095925912,-7.333860150375945,-3.4783181745781455,-6.6263308650796535,-5.830733111254132,-7.3333005321183045,-7.279354458427171,1.2293968493209853,1.2223100250626575,0.5797196957630242,1.1043884775132757,0.9717888518756888,1.222216755353051,1.2132257430711952
74,3.0,3.807368082103365,3.9273939849624067,2.846811521168942,3.7033673724612144,9.967947096648725,3.9269760189097753,3.8910408123655484,-0.6345613470172276,-0.6545656641604011,-0.47446858686149035,-0.6172278954102025,-1.6613245161081207,-0.6544960031516291,-0.6485068020609247
75,3.0,-5.793858089813253,-6.021535338345868,-0.579474584077817,-5.480460583827999,-7.628732030944244,-6.021281972803534,-5.8972820024616635,0.9656430149688757,1.0035892230576449,0.09657909734630285,0.9134100973046667,1.2714553384907075,1.0035469954672558,0.9828803337436107
76,3.0,-0.5963887640652019,-0.7832781954887226,4.288236591314397,-0.38819124497626617,2.261565927261757,-0.7829295135720585,-0.6099970975441821,0.09939812734420034,0.1305463659147871,-0.7147060985523995,0.06469854082937769,-0.37692765454362626,0.13048825226200977,0.10166618292403035
77,3.0,-1.0464438370860123,-1.0487142857142866,-0.62575760818068,-0.6527477377962481,-0.8816753675125766,-1.048335935860113,-1.0305642576347145,0.1744073061810021,0.17478571428571443,0.10429293469678001,0.10879128963270801,0.14694589458542942,0.1747226559766855,0.17176070960578577
78,3.0,-0.2716048177891453,-0.3385774436090229,-0.2843389797101027,0.22145539177473939,5.323226804883403,-0.3382294891011788,-0.2287175998580174,0.04526746963152421,0.05642957393483716,0.04738982995168379,-0.036909231962456567,-0.887204467480567,0.05637158151686314,0.03811959997633624
79,2.0,-4.552655972771233,-4.60217744360902,-3.26358775007827,-4.511095171098189,-3.6551156392028057,-4.602269801488096,-4.6692315312021195,0.7587759954618722,0.7670295739348367,0.5439312916797117,0.7518491951830315,0.6091859398671344,0.7670449669146827,0.7782052552003532
80,3.0,4.085321671436738,4.0367278195488705,2.1639817075876935,3.765358081634339,3.4019290479515423,4.036477661891565,3.8970947490348955,-0.6808869452394564,-0.6727879699248117,-0.3606636179312822,-0.6275596802723898,-0.5669881746585903,-0.6727462769819276,-0.649515791505816
81,2.0,-4.005777383935955,-4.204333834586463,-7.135986195346307,-4.0148311580564355,-2.1970647234777534,-4.20447511941847,-4.2293060792577215,0.6676295639893259,0.7007223057644105,1.1893310325577178,0.6691385263427392,0.3661774539129589,0.7007458532364118,0.7048843465429537
82,3.0,0.1772603969176926,0.20845263157894703,1.7778793174858094,0.25795522931707376,-9.357508775655914,0.2083188472623503,0.10538488596259048,-0.0295433994862821,-0.03474210526315783,-0.29631321958096823,-0.04299253821951229,1.5595847959426523,-0.03471980787705838,-0.017564147660431746
83,2.0,-1.327961917407186,-1.3552812030075183,-1.7064197150086404,-0.9119747658733344,0.02032464311227481,-1.354929665132845,-1.239530526876483,0.221326986234531,0.22588020050125307,0.2844032858347734,0.1519957943122224,-0.0033874405187124686,0.22582161085547425,0.2065884211460805
84,3.0,-3.8045176772540663,-3.8239218045112793,-6.647090171239571,-3.8706002835601203,-3.5889021911666865,-3.824026135392257,-3.849823151585992,0.6340862795423443,0.63732030075188,1.1078483618732617,0.64510004726002,0.5981503651944479,0.6373376892320429,0.6416371919309987
85,2.0,-5.564490184145429,-5.6845067669172895,-4.346334617215553,-5.294664966648437,-4.495888368364189,-5.683764734026537,-5.586264735367223,0.927415030690905,0.9474177944862151,0.7243891028692588,0.8824441611080728,0.7493147280606982,0.9472941223377561,0.9310441225612038
86,2.0,1.401633161335512,1.6859398496240598,-5.166026849337471,1.4019358109182967,-1.5398510583715608,1.6853286924658823,1.453967155878332,-0.23360552688925204,-0.2809899749373433,0.8610044748895787,-0.2336559684863828,0.25664184306192683,-0.28088811541098035,-0.24232785931305534
87,3.0,7.6412875394657656,7.44036842105263,6.930107965103,7.141078442790056,6.102192676368034,7.440097445834214,7.5039535961950845,-1.2735479232442943,-1.2400614035087716,-1.155017994183833,-1.1901797404650094,-1.0170321127280055,-1.240016240972369,-1.2506589326991806
88,2.0,13.211584968530904,13.367581954887209,15.22900967824592,13.19581040159149,18.615392031785337,13.366928324984118,13.270331949221797,-2.201930828088484,-2.227930325814535,-2.5381682797076532,-2.199301733598581,-3.1025653386308893,-2.227821387497353,-2.2117219915369657
89,2.0,-8.89309866734045,-8.884530827067657,-8.66145882474611,-8.882200709423131,-12.886295188945343,-8.884259346454543,-8.96488380945627,1.4821831112234085,1.48075513784461,1.4435764707910186,1.4803667849038553,2.1477158648242236,1.4807098910757575,1.4941473015760451
90,3.0,-9.164148014441562,-9.087903759398504,-6.010217719752152,-8.293738836468686,-5.904441698411354,-9.086819092960637,-8.826589917554154,1.5273580024069269,1.5146506265664172,1.0017029532920254,1.3822898060781141,0.9840736164018924,1.5144698488267727,1.471098319592359
91,2.0,0.04105417653775652,0.3197368421052631,-1.3735560628728618,0.6876482314722638,-1.3465768459573173,0.31985572363272646,0.3952571460095225,-0.0068423627562927535,-0.05328947368421051,0.2289260104788103,-0.11460803857871066,0.22442947432621957,-0.05330928727212107,-0.06587619100158708
92,2.0,5.3475244719907975,5.431521804511282,4.874860442691099,5.165930219526663,12.741024861477602,5.431568771670769,5.396571797261494,-0.891254078665133,-0.9052536340852134,-0.8124767404485164,-0.8609883699211105,-2.1235041435796003,-0.905261461945128,-0.8994286328769157
93,3.0,3.501293765258278,3.4954255639097767,-0.7778777909996994,3.130223170627675,8.424853140068425,3.4951982796983194,3.5030739909684394,-0.5835489608763798,-0.5825709273182961,0.12964629849994994,-0.5217038617712791,-1.4041421900114042,-0.5825330466163865,-0.5838456651614066
94,2.0,-3.768712470531966,-3.8446616541353396,-2.996740707422474,-4.272679357101545,-5.933914405666371,-3.8449552944721166,-3.875334633384335,0.6281187450886611,0.64077694235589,0.4994567845704123,0.7121132261835907,0.9889857342777286,0.6408258824120194,0.6458891055640559
95,3.0,-1.118890507086922,-0.9991263157894731,-1.2863581343835913,-0.8916308249293671,-4.397175869687282,-0.9991035269671551,-1.0286570513194184,0.18648175118115365,0.16652105263157885,0.21439302239726526,0.14860513748822787,0.7328626449478802,0.16651725449452587,0.17144284188656975
96,2.0,-3.4115538034639616,-3.4944075187969883,-2.4602941946506762,-3.252041446595778,-4.266802475579163,-3.4939425377943296,-3.394351819916075,0.568592300577327,0.5824012531328314,0.41004903244177937,0.542006907765963,0.7111337459298605,0.582323756299055,0.5657253033193459
97,2.0,2.9344775427226146,2.812410526315788,0.4455784860525204,2.5868137516861247,6.352662568619944,2.8124847388355785,2.7963063122439085,-0.48907959045376914,-0.46873508771929795,-0.07426308100875341,-0.43113562528102073,-1.0587770947699906,-0.46874745647259636,-0.46605105204065134
98,2.0,-2.1479460894068056,-2.2897308270676686,-1.2532837841136255,-1.862329862372613,-0.8517447788659368,-2.2891973531470113,-2.16003620973244,0.3579910149011343,0.3816218045112782,0.2088806306856043,0.3103883103954355,0.1419574631443228,0.3815328921911686,0.3600060349554068
99,2.0,-2.6922821613795387,-2.905996992481202,-0.44075742904966053,-2.403667494757611,1.2156846146902718,-2.905334469312517,-2.752740032582551,0.44871369356325647,0.4843328320802005,0.07345957150827677,0.4006112491262686,-0.2026141024483786,0.4842224115520862,0.45879000543042525
100,2.0,-0.633391603370864,-0.5129218045112778,-3.076632271810504,-0.7120778072509144,-3.070431273400989,-0.5131730945765447,-0.5634419319217935,0.10556526722847734,0.08548696741854629,0.5127720453017508,0.11867963454181907,0.5117385455668316,0.08552884909609079,0.09390698865363226
101,3.0,-2.6791064532214217,-2.643781954887217,-0.33146278741505014,-1.7654961724919715,1.4362432877101419,-2.6433197272402063,-2.479840900193083,0.4465177422035703,0.4406303258145362,0.05524379790250837,0.29424936208199526,-0.23937388128502365,0.4405532878733677,0.41330681669884717
102,2.0,-0.7433848550295368,-0.7142992481203012,1.8535801056558339,-0.7159351031629769,10.764424015666352,-0.7143498410636497,-0.7157051367788453,0.12389747583825612,0.11904987468671688,-0.30893001760930566,0.11932251719382952,-1.7940706692777253,0.11905830684394163,0.11928418946314087
103,2.0,0.723319507779792,0.6685187969924808,-0.2903606073890596,0.5022255170559436,-2.5899623659002167,0.6679457567803021,0.6135756857710536,-0.12055325129663201,-0.1114197994987468,0.048393434564843275,-0.08370425284265728,0.43166039431670294,-0.111324292796717,-0.1022626142951756
104,2.0,-2.664032767196123,-2.7744706766917266,-1.9223364816741715,-3.0203696022990756,-0.15301789059819687,-2.774863422167527,-2.7402664989205197,0.4440054611993539,0.46241177944862116,0.32038941361236195,0.5033949337165127,0.02550298176636614,0.4624772370279212,0.45671108315342
105,2.0,0.9831060011112327,1.1066511278195488,0.5385432433720743,1.0423599022409202,0.08624980234775395,1.1069185838424396,1.0980201993955871,-0.16385100018520546,-0.18444185463659146,-0.08975720722867901,-0.1737266503734867,-0.01437496705795899,-0.18448643064040654,-0.18300336656593116
106,3.0,-0.8712084213281608,-0.9618751879699241,-0.9627784769672774,-0.7717357799108849,-6.540637803997205,-0.9616631032742455,-0.9374627406087043,0.14520140355469346,0.16031253132832068,0.16046307949454625,0.1286226299851475,1.090106300666201,0.1602771838790409,0.1562437901014507
107,2.0,2.7517698889048425,2.7662375939849633,3.3460738967125514,2.373475407826665,-5.65032967605639,2.765819425820801,2.719494550525881,-0.4586283148174736,-0.46103959899749386,-0.5576789827854253,-0.3955792346377775,0.941721612676065,-0.4609699043034668,-0.45324909175431344
108,2.0,-0.565463618985053,-0.6334917293233072,-4.500934632292399,-1.2270596146632458,-5.5372362011105185,-0.6341649507519306,-0.6534412085890735,0.09424393649750885,0.1055819548872179,0.7501557720487331,0.20450993577720766,0.9228727001850866,0.10569415845865511,0.10890686809817895
109,3.0,-1.8784992219492689,-1.9596857142857138,-0.945734063357851,-1.769234320158434,24.027850674376168,-1.9593703533070046,-1.909821017862302,0.3130832036582115,0.3266142857142857,0.1576223438929752,0.2948723866930723,-4.004641779062694,0.32656172555116747,0.31830350297705035
110,3.0,2.3305318853430324,2.3778045112781943,1.9848919478393643,1.890582373721957,-13.462447418563176,2.3772285081817413,2.362263800428135,-0.38842198089050534,-0.396300751879699,-0.33081532463989405,-0.3150970622869928,2.243741236427196,-0.3962047513636235,-0.3937106334046892
111,2.0,-0.552657915397079,-0.46810676691729275,1.8114204916738375,-0.1838281605373812,9.543131401018398,-0.46808074450689613,-0.4379261320479916,0.09210965256617984,0.07801779448621547,-0.3019034152789729,0.030638026756230206,-1.5905219001697328,0.07801345741781603,0.07298768867466526
112,2.0,4.327677450551462,4.368060150375941,3.1046588176709324,4.518733313704189,3.1178335305236224,4.368399461712821,4.390596749789308,-0.7212795750919103,-0.7280100250626569,-0.5174431362784887,-0.753122218950698,-0.5196389217539371,-0.7280665769521368,-0.7317661249648847
113,2.0,5.982910140265854,6.182034586466168,0.05232277340522017,4.978712773900175,0.6278572991166752,6.180901710201607,6.080370960803114,-0.9971516900443089,-1.0303390977443612,-0.008720462234203363,-0.8297854623166958,-0.10464288318611253,-1.0301502850336013,-1.0133951601338522
114,3.0,10.14280793165707,10.090520300751882,5.768532215796904,9.75307031900481,4.468645235299326,10.0902251332856,10.068877394445511,-1.6904679886095113,-1.6817533834586469,-0.9614220359661507,-1.6255117198341342,-0.744774205883221,-1.681704188880933,-1.678146232407585
115,3.0,-12.002404444871312,-11.987744360902264,-9.497034130709343,-11.303290704566926,-1.5000970056791494,-11.987003330866003,-11.877160776439247,2.000400740811886,1.9979573934837107,1.5828390217848907,1.8838817840944881,0.2500161676131916,1.9978338884776674,1.979526796073208
116,3.0,-0.7444641474802646,-0.7364060150375942,-1.9472711665763502,-0.8789409714441683,1.9156254793565726,-0.7365932565548322,-0.7306001155992136,0.12407735791337743,0.122734335839599,0.3245451944293918,0.1464901619073614,-0.3192709132260954,0.12276554275913873,0.12176668593320226
117,2.0,0.9893510368175382,0.9707082706766906,2.8987709273072273,1.2467254177129286,3.880439695193045,0.9708900264416891,1.0196749332756951,-0.1648918394695897,-0.16178471177944842,-0.4831284878845378,-0.20778756961882142,-0.6467399491988408,-0.16181500440694818,-0.16994582221261587
118,2.0,-3.500770788467337,-3.634774436090221,-2.506173926231149,-3.4733855994382825,11.440441323009036,-3.634621354366262,-3.577205310569394,0.5834617980778894,0.6057957393483703,0.41769565437185824,0.5788975999063803,-1.906740220501506,0.6057702257277104,0.5962008850948991
119,3.0,-4.539228301972326,-4.602190977443608,-2.2749723195237626,-4.454813172918416,-2.9909587815055727,-4.60214819096463,-4.588854446118808,0.7565380503287211,0.7670318295739348,0.3791620532539604,0.7424688621530694,0.49849313025092884,0.767024698494105,0.7648090743531346
120,3.0,3.040202529613753,3.1525368421052633,-1.7768222268879597,2.182727179817235,0.7543430152047085,3.152684371249025,3.0590982399027564,-0.5067004216022921,-0.5254228070175438,0.29613703781465994,-0.3637878633028725,-0.1257238358674514,-0.5254473952081709,-0.5098497066504593
121,3.0,0.6321574275713788,0.6312721804511281,2.633174853612873,0.46579194452221245,-0.30506475204438077,0.6313485715285285,0.6414161092397694,-0.10535957126189648,-0.105212030075188,-0.43886247560214564,-0.07763199075370208,0.05084412534073013,-0.10522476192142141,-0.10690268487329489
122,2.0,-1.520157441336055,-1.6251909774436086,1.0949050789038544,-1.2813708506419281,-1.6437590586059918,-1.6250875319837474,-1.5648813731184583,0.25335957355600913,0.27086516290726814,-0.18248417981730902,0.21356180844032138,0.27395984310099863,0.2708479219972913,0.2608135621864097
123,3.0,-4.2206217775879935,-4.2190962406015045,-2.072169364893435,-3.9350769517640374,-4.874104959777583,-4.218956701433344,-4.19810887784626,0.7034369629313323,0.7031827067669174,0.34536156081557257,0.6558461586273396,0.8123508266295971,0.7031594502388906,0.6996848129743767
124,2.0,-1.4373746774550595,-1.5234556390977434,-4.482006038763746,-1.8109799372409838,-5.519692323612299,-1.5233602193259699,-1.5681167146290198,0.23956244624250994,0.2539092731829573,0.7470010064606244,0.30182998954016405,0.9199487206020498,0.25389336988766165,0.26135278577150334
125,2.0,4.875969145789618,5.064812030075187,0.5533592274622366,4.225178637233119,1.2617339278411477,5.064627538011324,4.958987190199276,-0.8126615242982697,-0.8441353383458644,-0.09222653791037277,-0.704196439538853,-0.2102889879735246,-0.844104589668554,-0.8264978650332128
126,2.0,-1.8429773570318746,-1.8928691729323286,-4.198975297404013,-2.3972988040968612,-4.894037307908021,-1.893623652227968,-1.9417920388178034,0.30716289283864584,0.3154781954887215,0.6998292162340024,0.39954980068281026,0.815672884651337,0.31560394203799474,0.3236320064696339
127,2.0,5.829513857374564,6.005842105263155,1.905286314299091,5.749681682924809,1.9613180801015544,5.989408752487179,5.952947530391045,-0.9715856428957605,-1.0009736842105257,-0.3175477190498485,-0.9582802804874682,-0.3268863466835924,-0.9982347920811964,-0.9921579217318406
128,3.0,-9.65007934436937,-9.734273684210528,-5.523061287379884,-8.890406909075574,-0.5179550612612488,-9.716900303319784,-9.565393191514474,1.6083465573948952,1.6223789473684218,0.920510214563314,1.4817344848459293,0.08632584354354146,1.6194833838866312,1.5942321985857457
129,3.0,-1.5090480206214163,-1.5429518796992467,-1.6312178485154396,-1.4038324120686823,1.6532287017384524,-1.5345318487283939,-1.5258484483992363,0.2515080034369027,0.25715864661654114,0.27186964141923997,0.2339720686781137,-0.27553811695640873,0.25575530812139907,0.2543080747332061
130,3.0,5.309212382519019,5.404953383458645,2.630110292105079,4.927213350540552,-2.9088945338146233,5.405416389806382,5.350959741432882,-0.8848687304198364,-0.9008255639097742,-0.43835171535084644,-0.8212022250900919,0.4848157556357705,-0.9009027316343972,-0.8918266235721469
131,1.0,0.3084168893652365,0.2973007518796994,-1.4736386639153087,-0.11338228015118229,1.704138096640033,0.2892584848167464,0.2253079815342032,-0.051402814894206075,-0.04955012531328324,0.24560644398588477,0.018897046691863716,-0.28402301610667213,-0.048209747469457734,-0.03755133025570053
132,2.0,1.210816344211227,1.3437789473684223,-0.14123397130002685,1.0587962668117947,5.345689419948975,1.3347482439916563,1.3076546482868046,-0.2018027240352044,-0.22396315789473703,0.02353899521667114,-0.17646604446863245,-0.8909482366581625,-0.222458040665276,-0.21794244138113403
133,2.0,4.532324860376277,4.735154887218044,1.6888508281589574,3.901763979431008,3.7450076309827134,4.7072786038302175,4.552961768809617,-0.7553874767293794,-0.7891924812030071,-0.2814751380264929,-0.6502939965718347,-0.6241679384971189,-0.7845464339717029,-0.7588269614682694
134,2.0,11.222217640141979,11.431953383458657,0.7233744364691416,10.408365820404459,2.9573326855239555,11.40358733829731,11.22313675120197,-1.8703696066903297,-1.905325563909776,-0.12056240607819024,-1.734727636734076,-0.49288878092065924,-1.9005978897162181,-1.870522791866995
135,2.0,-11.347736072425427,-11.410535338345854,-1.9330695346983857,-10.40883011812194,-2.4218929570887795,-11.366819797090882,-11.180932691210055,1.891289345404238,1.9017558897243092,0.32217825578306425,1.7348050196869902,0.4036488261814633,1.8944699661818134,1.8634887818683425
136,3.0,-5.701309516576766,-5.9140030075188035,3.1058538649676866,-4.852494458564287,1.9454145051567344,-5.843798351547511,-5.591884926174229,0.9502182527627945,0.9856671679198006,-0.5176423108279476,0.8087490764273811,-0.3242357508594557,0.9739663919245852,0.9319808210290383
137,2.0,1.6646243562656502,1.9619669172932317,-10.41179828822862,1.2696458398398514,0.8069184881281964,1.9651161605089444,1.842558785452729,-0.2774373927109417,-0.3269944862155386,1.7352997147047702,-0.2116076399733086,-0.13448641468803274,-0.327519360084824,-0.30709313090878815
138,2.0,-4.823043969473854,-4.735729323308271,-5.116329068489535,-5.135538078774723,-0.8374322029364308,-4.729934203920304,-4.838264814933992,0.8038406615789759,0.7892882205513785,0.8527215114149226,0.8559230131291207,0.13957203382273847,0.7883223673200508,0.8063774691556653
139,2.0,-2.0108085946282404,-2.1878977443609027,1.474219876481174,-1.5398493388839574,-7.178770689251033,-2.198155600371022,-1.9924268081646361,0.3351347657713734,0.3646496240601505,-0.24570331274686233,0.25664155648065956,1.196461781541839,0.3663592667285037,0.33207113469410604
140,3.0,0.2921264854613045,0.4357894736842101,-1.7781631586646167,0.16903250084709143,-2.929559755295992,0.42326794384276617,0.32479031357598287,-0.04868774757688408,-0.07263157894736835,0.29636052644410277,-0.02817208347451524,0.48825995921599874,-0.0705446573071277,-0.05413171892933047
141,3.0,0.5560465220241244,0.41581654135338375,-1.5363107688514328,0.5463213058302723,4.752393507212914,0.4135124440796149,0.47345501418339087,-0.09267442033735407,-0.06930275689223062,0.25605179480857215,-0.09105355097171204,-0.7920655845354856,-0.06891874067993582,-0.07890916903056515
142,3.0,-4.870956023860194,-4.866027067669173,-10.678589706980778,-4.716697297415118,-4.836382527736019,-4.843040853011468,-4.798360589765466,0.811826003976699,0.8110045112781955,1.7797649511634637,0.786116216235853,0.8060637546226699,0.8071734755019113,0.799726764960911
143,2.0,1.697725352761264,1.7936210526315783,-1.4731751517737484,1.3768929331178892,-0.08046242970909481,1.8087148280424865,1.703889874100718,-0.28295422546021065,-0.29893684210526306,0.24552919196229134,-0.2294821555196482,0.013410404951515803,-0.3014524713404144,-0.28398164568345297
144,3.0,0.9622516956684547,1.1173548872180445,-0.6661426865020816,0.8304390055242284,-3.3302771902741246,1.1237603566548806,1.0327463875410898,-0.16037528261140913,-0.18622581453634077,0.11102378108368031,-0.13840650092070475,0.5550461983790209,-0.18729339277581344,-0.17212439792351497
145,2.0,-4.976145772290364,-4.921222556390978,-13.265172485541521,-4.78939260716974,-7.988530019803039,-4.91999303519601,-4.885948799036339,0.8293576287150608,0.8202037593984964,2.2108620809235866,0.7982321011949567,1.3314216699671735,0.8199988391993351,0.8143247998393898
146,2.0,6.357519154901584,6.459183458646625,2.6798051573548185,5.834925588675408,-3.31202602173221,6.468805718063423,6.177469770604062,-1.0595865258169306,-1.0765305764411042,-0.4466341928924697,-0.972487598112568,0.5520043369553684,-1.0781342863439036,-1.0295782951006769
147,2.0,-4.394749251661311,-4.6836766917293255,-1.3267140003718023,-3.9078873638099023,-3.4109856719551477,-4.648276596808788,-4.489703164255147,0.7324582086102188,0.7806127819548876,0.2211190000619671,0.6513145606349838,0.5684976119925247,0.7747127661347981,0.7482838607091912
148,3.0,-2.861585483603929,-2.9667654135338375,1.698116458868053,-2.4846722814980238,-0.5500986415213783,-2.987017864029547,-2.746610269585059,0.4769309139339882,0.4944609022556395,-0.2830194098113422,0.4141120469163374,0.09168310692022973,0.49783631067159123,0.45776837826417655
149,3.0,1.70600842976198,1.7935939849624074,-1.5912635740943561,1.5058878522813643,-0.592430028559501,1.7808375198507986,1.7314968615094188,-0.28433473829366335,-0.2989323308270679,0.2652105956823927,-0.25098130871356067,0.09873833809325018,-0.29680625330846644,-0.2885828102515698
150,2.0,-2.7261635974635947,-3.0310210526315786,-0.0843968013232953,-2.471859559542902,0.2286262209027601,-3.0259218171372377,-2.727115177859712,0.4543605995772658,0.5051701754385964,0.014066133553882549,0.41197659325715036,-0.03810437015046002,0.5043203028562063,0.45451919630995197
151,3.0,-4.364405799948151,-4.548942857142856,-0.7120210581868297,-4.1874744857943815,-7.867036816991936,-4.50520104377199,-4.418764016246085,0.7274009666580251,0.7581571428571426,0.11867017636447161,0.6979124142990636,1.3111728028319893,0.7508668406286649,0.7364606693743475
152,3.0,0.1931981039853522,0.4372225563909777,-0.8433928373945011,0.24167153224209592,-2.6916456172199106,0.4068082253310787,0.32140923480875944,-0.032199683997558695,-0.07287042606516293,0.14056547289908353,-0.040278588707015985,0.4486076028699852,-0.06780137088851312,-0.0535682058014599
153,2.0,-0.18627000239674973,-0.034566917293233135,-1.771819779158482,-0.5322070768369216,-4.097631126088676,-0.038484426374887686,-0.1894044173400688,0.031045000399458293,0.005761152882205524,0.2953032965264137,0.08870117947282027,0.6829385210147795,0.006414071062481281,0.03156740289001147
154,3.0,-0.40737635910721853,-0.29978195488721776,-3.8132278322145394,-0.9036837213640223,-3.8183323442564845,-0.3029882258495092,-0.5231424889851687,0.06789605985120309,0.049963659147869634,0.6355379720357566,0.1506139535606704,0.6363887240427474,0.05049803764158487,0.08719041483086146
155,3.0,4.239993784460151,4.565252631578947,-5.666145943906882,3.9749047601274783,-4.657647939310509,4.461169627165239,4.237954759929701,-0.7066656307433585,-0.7608754385964911,0.9443576573178135,-0.6624841266879131,0.7762746565517518,-0.7435282711942065,-0.7063257933216169
156,2.0,6.4551409476509285,6.4717067669172925,3.7666072272535307,6.574140928833307,5.680221626198367,6.53195800027902,6.482195491978124,-1.0758568246084879,-1.0786177944862154,-0.6277678712089219,-1.095690154805551,-0.9467036043663946,-1.08865966671317,-1.0803659153296874
157,3.0,1.1921434509936433,1.3984526315789483,0.6358154438228989,0.6139438327162772,9.385965802925638,1.4102627897815945,1.2328393640351407,-0.19869057516560723,-0.2330754385964914,-0.10596924063714983,-0.10232397211937955,-1.5643276338209395,-0.2350437982969324,-0.20547322733919013
158,3.0,-4.255851043189269,-4.229599999999999,-3.2701227225387433,-4.171779028956168,2.5552773411641154,-4.204314847576531,-4.18017280279634,0.7093085071982116,0.7049333333333333,0.5450204537564572,0.6952965048260281,-0.4258795568606859,0.7007191412627554,0.6966954671327232
159,2.0,-3.9085774665254154,-4.018851127819547,-0.20204688114696603,-3.31871614195671,-0.34688709699357956,-4.017562105299416,-3.6307883387561364,0.6514295777542358,0.6698085213032579,0.03367448019116101,0.553119356992785,0.05781451616559659,0.6695936842165694,0.6051313897926893
160,2.0,-2.322517284894264,-2.503342857142856,5.048524175174399,-1.675457754681073,-0.0888668954183601,-2.431371981206935,-2.2160763625214464,0.387086214149044,0.41722380952380933,-0.8414206958623999,0.2792429591135121,0.014811149236393348,0.4052286635344893,0.36934606042024115
161,3.0,-3.0462613060917048,-3.0762872180451137,-2.6721735564175777,-2.7429410309935482,5.048690915346171,-3.0525928750194726,-2.929226733842237,0.5077102176819509,0.5127145363408523,0.4453622594029297,0.4571568384989248,-0.8414484858910285,0.5087654791699122,0.4882044556403729
162,2.0,4.486362059507297,4.719670676691733,2.4925973952232474,4.380187006517603,3.6156732176231623,4.6929061656929525,4.50733114384022,-0.7477270099178827,-0.786611779448622,-0.4154328992038746,-0.7300311677529338,-0.6026122029371938,-0.782151027615492,-0.7512218573067034
163,2.0,-6.063709934046435,-6.421580451127819,-2.2542986253197235,-5.862138768611618,-4.460557663628754,-6.409640288262876,-6.192753159860875,1.0106183223410725,1.0702634085213032,0.3757164375532873,0.9770231281019363,0.7434262772714593,1.0682733813771461,1.0321255266434792
164,2.0,1.07737710850456,1.2918917293233083,-5.251729703424633,0.5808255668435733,-5.607252644426203,1.3024490378667215,1.0192441054628152,-0.17956285141742667,-0.21531528822055138,0.8752882839041055,-0.09680426114059555,0.9345421074043672,-0.21707483964445357,-0.16987401757713586
165,2.0,-0.3712996993926365,-0.32887819548872205,2.6775078164725787,-0.24124082883986664,2.47850055270414,-0.3524834548350791,-0.30788556487641755,0.061883283232106095,0.05481303258145369,-0.4462513027454299,0.040206804806644444,-0.41308342545069,0.05874724247251319,0.051314260812736254
166,2.0,-0.2666834082344066,-0.21030827067669175,-0.6639201151921018,-0.528596986853054,3.5599138184673174,-0.17875307082769665,-0.4170266615159032,0.04444723470573444,0.03505137844611529,0.11065335253201698,0.08809949780884237,-0.5933189697445529,0.029792178471282772,0.06950444358598387
167,2.0,-3.9928984308394346,-4.055112781954886,-13.022415151122168,-3.950201144527658,-0.8127674413528262,-4.093610074427845,-4.000562014020101,0.6654830718065724,0.6758521303258144,2.1704025251870283,0.6583668574212765,0.135461240225471,0.6822683457379743,0.6667603356700169
168,3.0,2.385122704051606,2.4867278195488725,-1.1502477058943885,2.1077508397138494,1.8833404727389111,2.4762624158465267,2.327672202200512,-0.3975204506752676,-0.4144546365914788,0.19170795098239812,-0.3512918066189749,-0.31389007878981856,-0.4127104026410877,-0.3879453670334187
169,3.0,5.457333772855781,5.421418045112781,5.718769867184747,5.640365799188643,4.844774243002963,5.429515531363509,5.496144433838615,-0.9095556288092969,-0.9035696741854634,-0.9531283111974577,-0.9400609665314406,-0.8074623738338272,-0.9049192552272515,-0.9160240723064357
170,3.0,-0.29439371180968243,-0.005330827067669155,-4.3183065764340665,-0.5400208793541916,1.2651937526263923,-0.0650991640340775,-0.3337478551760945,0.04906561863494709,0.0008884711779448593,0.7197177627390111,0.09000347989236529,-0.21086562543773205,0.010849860672346251,0.05562464252934909
171,3.0,2.340194675158981,2.134912781954887,10.887039748916024,2.6292454340167803,11.738453052089906,2.190425429069056,2.4077365333029275,-0.3900324458598302,-0.35581879699248115,-1.8145066248193378,-0.43820757233613006,-1.9564088420149843,-0.36507090484484267,-0.4012894222171545
172,3.0,4.315918143138121,4.35635037593985,7.0597732386629435,4.184740484163045,13.057436797492494,4.346153247253993,4.3546821763425525,-0.7193196905230201,-0.7260583959899749,-1.1766288731104906,-0.6974567473605076,-2.1762394662487488,-0.7243588745423323,-0.7257803627237587
173,2.0,-2.7812630825754163,-3.0115684210526323,5.119659855000352,-2.138066908447314,-1.5608355630611157,-3.0624052469827747,-2.6919844431319095,0.46354384709590285,0.5019280701754387,-0.8532766425000585,0.35634448474121916,0.260139260510186,0.5104008744971291,0.4486640738553182
174,2.0,4.61504652800058,4.724416541353382,1.5047190144619742,4.242023108795989,-2.3764272838513447,4.718230339942708,4.414317399685376,-0.7691744213334298,-0.7874027568922304,-0.250786502410329,-0.7070038514659981,0.39607121397522416,-0.7863717233237847,-0.7357195666142293
175,2.0,-5.177417831072395,-5.24224210526316,-1.192045562667821,-4.756028437933653,-3.1617020525604804,-5.279674247714347,-4.955725871737224,0.8629029718453994,0.87370701754386,0.19867426044463685,0.7926714063222753,0.5269503420934134,0.879945707952391,0.8259543119562041
176,3.0,1.4655826056129084,1.4444360902255642,0.9027368925330218,1.395316129655292,-0.3597154324732581,1.480696230869859,1.3545806650792962,-0.2442637676021514,-0.24073934837092734,-0.15045614875550364,-0.23255268827588196,0.05995257207887636,-0.24678270514497652,-0.22576344417988267
177,2.0,5.093165695130695,5.0463849624060115,3.3520512114415486,5.068045485313834,4.753524343672533,5.035988002496363,5.083632346367136,-0.8488609491884491,-0.8410641604010017,-0.5586752019069249,-0.8446742475523055,-0.7922540572787552,-0.8393313337493937,-0.8472720577278557
178,2.0,8.617608620341692,8.74961052631579,5.252884785918955,8.330157769823753,7.017865915058538,8.747993763871,8.469918115399045,-1.4362681033902818,-1.4582684210526318,-0.875480797653159,-1.3883596283039585,-1.1696443191764228,-1.4579989606451667,-1.4116530192331742
179,3.0,2.2566373661039267,2.395863157894737,0.2545812516461793,2.1948789896031338,-5.109368072623574,2.375995476522503,2.2083191498099795,-0.3761062276839877,-0.3993105263157895,-0.04243020860769654,-0.36581316493385563,0.8515613454372625,-0.3959992460870838,-0.36805319163499656
180,2.0,-6.403952039246287,-6.6608075187969895,0.49194140490941235,-6.0013174295792515,-8.892755468681004,-6.620879148982106,-6.359654140520971,1.0673253398743814,1.110134586466165,-0.08199023415156872,1.000219571596542,1.4821259114468344,1.1034798581636842,1.0599423567534951
181,3.0,-8.204598678442336,-8.339084210526309,-2.634897407301685,-7.45142745219385,1.4798038125525226,-8.33853558084079,-7.826119869508938,1.3674331130737227,1.3898473684210517,0.43914956788361414,1.241904575365642,-0.2466339687587538,1.3897559301401317,1.304353311584823
182,2.0,-0.8836750356067115,-0.9083368421052637,3.199430109273301,-0.6345612825324418,6.645340304876086,-0.916175372126667,-0.7261903824134293,0.14727917260111859,0.15138947368421063,-0.5332383515455502,0.10576021375540698,-1.1075567174793477,0.1526958953544445,0.12103173040223822
183,3.0,-0.9607707516498954,-1.4221669172932327,7.062815507580915,-0.2701762787110483,3.466251849418168,-1.436707363622174,-0.61912901007787,0.16012845860831593,0.23702781954887214,-1.1771359179301526,0.045029379785174725,-0.5777086415696946,0.23945122727036236,0.1031881683463117
184,3.0,8.391444143587696,8.263270676691725,6.793869336529694,8.424414473357391,28.179983582862754,8.218724334471787,8.461241518094562,-1.3985740239312827,-1.3772117794486207,-1.1323115560882824,-1.4040690788928987,-4.6966639304771265,-1.3697873890786312,-1.4102069196824267
185,2.0,-1.6846874024137204,-1.5627443609022549,-4.605679863322845,-1.917485104705933,-5.274716323985981,-1.5979497995797245,-1.693438028535024,0.2807812337356201,0.2604573934837092,0.7676133105538074,0.31958085078432213,0.8791193873309968,0.26632496659662075,0.282239671422504
186,2.0,10.050316875962908,10.074978947368415,9.62179560334628,9.765593954117056,8.846738364493397,10.026533677961462,9.926857596405695,-1.6750528126604844,-1.6791631578947357,-1.6036326005577133,-1.6275989923528429,-1.474456394082233,-1.6710889463269103,-1.6544762660676158
187,3.0,-7.323723386885379,-7.588084210526313,4.2109964139124125,-6.6713993346843745,8.242575745214324,-7.5802915041949,-7.261846740899057,1.2206205644808965,1.2646807017543857,-0.7018327356520687,1.1118998891140626,-1.3737626242023873,1.263381917365817,1.210307790149843
188,3.0,3.306872133905729,3.431809022556391,7.025806865784144,3.726297814046274,11.729789667553588,3.400093166683624,3.561496125624693,-0.5511453556509549,-0.5719681704260652,-1.170967810964024,-0.6210496356743789,-1.9549649445922646,-0.5666821944472706,-0.5935826876041154
189,3.0,-4.5326546415821785,-4.597584962406014,-3.7311684940644483,-4.5919697240720865,-6.604261234648787,-4.596433930379288,-4.5642081255686096,0.7554424402636967,0.7662641604010023,0.621861415677408,0.7653282873453477,1.1007102057747977,0.7660723217298813,0.760701354261435
190,2.0,-1.2100315730329725,-1.0350406015037594,-1.5244244634339856,-1.3715494947046916,-0.8955358912611188,-1.0455394830035012,-1.1484413876168058,0.20167192883882878,0.17250676691729327,0.25407074390566425,0.22859158245078195,0.14925598187685316,0.17425658050058354,0.1914068979361343
191,2.0,-4.768296747124805,-4.822160902255638,-3.8580127206534454,-4.761999099059704,-9.370974885688241,-4.805849434082725,-4.777091943910921,0.7947161245208008,0.8036934837092731,0.6430021201089076,0.7936665165099506,1.5618291476147068,0.8009749056804542,0.7961819906518203
192,2.0,1.0901888177704666,1.2049473684210525,4.027136528158606,1.5151106563046994,4.180633835424845,1.1532859371160529,1.2824472803461515,-0.18169813629507775,-0.2008245614035087,-0.6711894213597678,-0.2525184427174499,-0.696772305904141,-0.19221432285267548,-0.21374121339102523
193,2.0,3.238227906627917,3.259993984962406,2.3894304509246687,3.2714243755622388,3.347544247187856,3.2596485192905402,3.2815002039629095,-0.5397046511046528,-0.5433323308270677,-0.3982384084874448,-0.5452373959270398,-0.5579240411979759,-0.54327475321509,-0.5469167006604849
194,2.0,-0.11641220298028133,-0.10101353383458633,-1.1355131364650628,-0.013019921116418993,-0.10218476148610342,-0.09050546814443582,-0.10489965145951484,0.01940203383004689,0.016835588972431058,0.18925218941084382,0.0021699868527364987,0.01703079358101724,0.015084244690739303,0.017483275243252473
195,2.0,-0.5832004478374638,-0.6158360902255634,-0.8450646934502556,-0.9965245258399046,-1.2568323123580625,-0.605222594862389,-0.6581936705456815,0.09720007463957733,0.10263934837092722,0.14084411557504262,0.16608742097331744,0.2094720520596771,0.10087043247706486,0.10969894509094691
196,2.0,-10.304120698263102,-10.374532330827064,-6.986492853028108,-10.322962588012649,-6.166562325352612,-10.35705155740631,-10.342771275386767,1.717353449710517,1.7290887218045108,1.164415475504685,1.7204937646687748,1.0277603875587686,1.7261752595677187,1.7237952125644613
197,3.0,-2.0979678291007895,-2.1543533834586452,4.7222668630152,-1.995373429954019,-3.170909060169723,-2.1643850244533978,-2.1264568970679987,0.3496613048501315,0.35905889724310763,-0.7870444771692001,0.33256223832566983,0.5284848433616205,0.36073083740889966,0.35440948284466645
198,3.0,0.04178895572913452,0.09325263157894761,-3.984320501816048,0.09818732583754831,-7.459647267791679,0.11477724926520783,0.08743672827898265,-0.006964825954855754,-0.015542105263157933,0.6640534169693414,-0.016364554306258054,1.2432745446319466,-0.019129541544201305,-0.014572788046497106
199,3.0,-3.333645858302031,-3.22118947368421,-3.5043252540904595,-3.438197284411732,-2.2815187956934766,-3.247171274505387,-3.239952188256094,0.5556076430503386,0.5368649122807017,0.5840542090150767,0.5730328807352888,0.3802531326155796,0.5411952124175645,0.5399920313760157
200,3.0,-4.868163580794614,-4.896099248120306,-1.3141167575946702,-4.766613831552899,-4.515700013482852,-4.909695643930499,-4.891321432387989,0.8113605967991026,0.8160165413533843,0.21901945959911176,0.7944356385921499,0.7526166689138086,0.8182826073217498,0.8152202387313315
201,3.0,-1.1264684049120521,-1.0074691729323308,-4.964278768708277,-1.4341789419501594,-6.362041851320137,-0.987287626339031,-1.0481801148739578,0.18774473415200868,0.16791152882205512,0.8273797947847128,0.23902982365835995,1.060340308553356,0.16454793772317183,0.17469668581232634
202,2.0,-2.305994384457326,-2.1059187969924795,-4.685197795073332,-2.230629705860404,-5.145731722648024,-2.126125616235504,-2.125240224164545,0.3843323974095544,0.3509864661654133,0.7808662991788886,0.3717716176434006,0.8576219537746708,0.354354269372584,0.35420670402742427
203,2.0,-0.7937720089977544,-0.8122406015037591,-2.2252752133382554,-0.784059554532098,-2.472847312114347,-0.8044188307479396,-0.8004987784549052,0.13229533483295905,0.13537343358395987,0.3708792022230426,0.13067659242201635,0.41214121868572456,0.13406980512465663,0.13341646307581753
204,2.0,0.6077637441009947,0.7030977443609034,-1.0389165311819697,0.5271369641624942,-8.152994738979702,0.6834143694717434,0.6868509327592047,-0.10129395735016579,-0.1171829573934839,0.17315275519699497,-0.08785616069374902,1.3588324564966172,-0.11390239491195721,-0.11447515545986746
205,2.0,7.946004327120132,8.025296240601506,2.366989933188147,7.5667468174267976,3.335878093937735,8.040689001596126,7.9907151019513085,-1.324334054520022,-1.3375493734335842,-0.3944983221980245,-1.261124469571133,-0.5559796823229559,-1.3401148335993542,-1.331785850325218
206,2.0,-5.810817124350509,-5.8867278195488675,-5.313269450978009,-5.840417751548004,-4.751877739401427,-5.87679376869323,-5.885057772091491,0.9684695207250849,0.9811213032581447,0.885544908496335,0.9734029585913341,0.7919796232335711,0.9794656281155384,0.9808429620152487
207,3.0,0.9955313716815992,1.1809097744360906,-5.536699345971852,0.6302985002222103,2.737101026846974,1.1878755766468925,1.1509047076967764,-0.16592189528026655,-0.19681829573934842,0.922783224328642,-0.10504975003703505,-0.4561835044744956,-0.19797926277448208,-0.1918174512827961
208,2.0,-4.224767832965852,-4.43211278195489,1.3660793507958642,-3.6594791491870353,0.6602159983288569,-4.410448604883501,-4.361045919043635,0.7041279721609753,0.7386854636591484,-0.2276798917993107,0.6099131915311725,-0.11003599972147615,0.7350747674805835,0.7268409865072725
209,2.0,-1.8723801022938924,-1.7586556390977455,-5.514160413622184,-2.0114298624331965,3.63637288580573,-1.739272412354307,-1.785786953339366,0.31206335038231536,0.2931092731829576,0.9190267356036974,0.3352383104055328,-0.6060621476342882,0.28987873539238457,0.2976311588898944
210,2.0,-4.254409761033016,-4.31748872180451,-5.04395036195438,-4.011277655638222,-8.912497019373408,-4.308423197934214,-4.292283527628103,0.7090682935055028,0.7195814536340852,0.8406583936590636,0.6685462759397035,1.4854161698955684,0.7180705329890357,0.7153805879380174
211,2.0,1.2331117698827114,1.1765819548872185,-2.232948780807267,0.7370532760156386,-8.446928435950777,1.1922865063252706,1.139580079928591,-0.20551862831378517,-0.19609699248120308,0.3721581301345447,-0.12284221266927313,1.4078214059917964,-0.19871441772087842,-0.18993001332143183
212,2.0,-4.868135173463956,-4.993831578947369,11.9495608622872,-3.9812419162853754,6.423005679862808,-4.9345346484784285,-4.851803429239309,0.8113558622439926,0.832305263157895,-1.9915934770478663,0.6635403193808959,-1.0705009466438014,0.8224224414130714,0.8086339048732183
213,2.0,-1.0734191306397678,-0.9754917293233087,-1.6690650796058744,-1.034156239834509,-10.396195727399812,-0.9900159924077534,-0.9858186310554393,0.1789031884399613,0.16258195488721813,0.2781775132676458,0.17235937330575152,1.7326992878999687,0.16500266540129221,0.16430310517590654
214,2.0,-0.21379787403299666,-0.14972481203007507,-0.01117151191537387,-0.35740886357075463,-0.8355992724126781,-0.1340375320937625,-0.19138330467824163,0.03563297900549944,0.024954135338345843,0.0018619186525623119,0.059568143928459105,0.13926654540211303,0.022339588682293753,0.0318972174463736
215,2.0,3.4566779197677504,3.4740691729323268,-0.42976984290873005,3.223445379954505,17.273495847168867,3.4605861074996116,3.483037945427995,-0.5761129866279583,-0.5790115288220544,0.071628307151455,-0.5372408966590841,-2.8789159745281445,-0.5767643512499353,-0.5805063242379991
216,2.0,-0.9874234907138482,-1.0286195488721805,-4.898692526678848,-1.008744849967075,-2.590519551604543,-1.0147827815151211,-1.0533260076480015,0.16457058178564138,0.17143659147869675,0.8164487544464747,0.16812414166117914,0.4317532586007572,0.16913046358585349,0.17555433460800027
217,2.0,-2.9221958205622,-2.9452375939849618,-3.245904684912397,-3.2447223210543648,-2.0911318347825345,-2.932960415626368,-2.9803535161188637,0.4870326367603667,0.49087293233082696,0.5409841141520663,0.5407870535090609,0.34852197246375577,0.4888267359377281,0.49672558601981065
218,3.0,-1.274070081017363,-1.2533203007518816,-4.222863630471569,-1.2004217595717026,-10.146353635527,-1.2559082718172414,-1.2646121291984669,0.21234501350289384,0.2088867167919803,0.703810605078595,0.20007029326195047,1.6910589392545,0.20931804530287357,0.21076868819974454
219,2.0,-0.5034196553271687,-0.38358947368421076,-3.285394874443939,-0.7125554034415376,-0.22127198546497898,-0.3655591327200446,-0.4643500304006919,0.08390327588786146,0.06393157894736846,0.5475658124073233,0.11875923390692295,0.03687866424416317,0.060926522120007445,0.07739167173344866
220,2.0,3.2949537638054247,3.39816992481203,0.9294751966610044,3.120859010231775,5.995036318680608,3.381380059942419,3.333038613991316,-0.5491589606342374,-0.5663616541353383,-0.15491253277683406,-0.5201431683719625,-0.9991727197801012,-0.5635633433237366,-0.5555064356652194
221,3.0,1.9351896172869858,2.0114451127819533,-1.1667358804494103,1.8738042381238547,-11.798007536574467,1.995648740038777,1.9603714185492065,-0.3225316028811643,-0.33524085213032556,0.1944559800749017,-0.31230070635397583,1.9663345894290782,-0.33260812333979617,-0.326728569758201
222,3.0,3.76619512668766,3.8436015037594022,1.6928989033083468,3.198188038813824,-3.6900866640356447,3.7555597483234644,3.736574066255331,-0.6276991877812766,-0.640600250626567,-0.2821498172180578,-0.533031339802304,0.6150144440059407,-0.6259266247205774,-0.6227623443758885
223,3.0,-1.4327752712907704,-1.5731654135338353,0.6417288357907466,-1.0929258723244628,10.933406449507943,-1.5244325826130576,-1.4564502554423264,0.23879587854846174,0.26219423558897254,-0.10695480596512445,0.18215431205407717,-1.8222344082513233,0.25407209710217626,0.2427417092403878
224,2.0,-2.8674548195017717,-2.9291052631578967,-0.0290866399202517,-2.5494382354874583,0.4817600398465265,-2.8771927561658623,-2.803318085837139,0.47790913658362866,0.48818421052631616,0.00484777332004195,0.4249063725812432,-0.08029333997442109,0.4795321260276437,0.46721968097285665
225,3.0,0.12779998740503612,0.3056375939849626,-1.0509260720766738,0.14127557372524852,-1.3810545677023716,0.2919561780801344,0.2509482377159667,-0.021299997900839356,-0.05093959899749376,0.17515434534611232,-0.023545928954208085,0.23017576128372857,-0.04865936301335573,-0.04182470628599445
226,3.0,15.100305149884601,15.313075187969929,0.15922088565795503,13.979579880395852,18.46168300429538,15.141173781844241,15.110740338784401,-2.516717524980767,-2.552179197994988,-0.026536814276325833,-2.3299299800659754,-3.076947167382563,-2.523528963640707,-2.5184567231307335
227,3.0,-4.454004460575369,-4.506009022556389,-1.2458583355338055,-4.710181545547034,-5.959255523726111,-4.54801223947761,-4.6475854644005015,0.7423340767625616,0.7510015037593984,0.207643055922301,0.7850302575911723,0.9932092539543519,0.758002039912935,0.7745975774000836
228,2.0,15.591708962686432,15.623971428571423,11.214692546477414,15.435916145981754,16.063866809032813,15.601181548534374,15.478433544424513,-2.5986181604477387,-2.603995238095237,-1.8691154244129025,-2.5726526909969585,-2.6773111348388023,-2.600196924755729,-2.5797389240707522
229,3.0,7.010412081563938,7.132399999999999,6.878772219163229,6.671732707937276,10.678398816635093,7.091589724380304,6.96867042920461,-1.1684020135939897,-1.188733333333333,-1.146462036527205,-1.1119554513228793,-1.7797331361058488,-1.1819316207300505,-1.1614450715341016
230,3.0,-14.59077298398261,-14.744891729323303,-11.23556932563741,-13.871759993979211,-23.48089134797077,-14.696593590449067,-14.638648235144391,2.4317954973304357,2.4574819548872173,1.872594887606235,2.3119599989965356,3.9134818913284617,2.4494322650748446,2.439774705857399
231,3.0,2.0930817403472592,2.106759398496241,1.2721894084465648,1.7162648536630256,-5.781591348561041,2.108486568753968,1.8407524446648973,-0.3488469567245432,-0.3511265664160402,-0.21203156807442747,-0.28604414227717095,0.9635985580935069,-0.3514144281256613,-0.3067920741108162
232,2.0,-9.496488418640443,-9.644577443609013,2.745606328504877,-8.807002741100526,-7.460279596711916,-9.62400713838225,-9.51628146158158,1.582748069773407,1.6074295739348359,-0.45760105475081286,1.467833790183421,1.2433799327853192,1.6040011897303752,1.5860469102635968
233,2.0,-9.546795917040448,-9.576690225563897,-8.573448960070003,-9.542214983721683,-10.372443638672351,-9.577144014503736,-9.399324239323349,1.5911326528400753,1.5961150375939832,1.428908160011667,1.590369163953614,1.7287406064453923,1.5961906690839565,1.5665540398872246
234,3.0,-1.7338573810421736,-1.7607233082706761,2.9428166756100285,-1.5874016238248259,-4.900782578462202,-1.772586084625018,-1.7657738559500358,0.2889762301736956,0.29345388471177936,-0.4904694459350047,0.26456693730413766,0.8167970964103672,0.29543101410416966,0.2942956426583393
235,2.0,3.7969548430630344,3.8382105263157884,0.06151249597466502,3.754173486812807,13.372234369559285,3.841386156844853,3.921034511223503,-0.6328258071771724,-0.6397017543859647,-0.010252082662444172,-0.6256955811354679,-2.228705728259881,-0.6402310261408088,-0.6535057518705839
236,2.0,-4.374481689098958,-4.304025563909776,-6.260832171117305,-4.586842051418091,-5.566420069990524,-4.3104588612775645,-4.474155467301504,0.7290802815164931,0.7173375939849627,1.043472028519551,0.7644736752363487,0.9277366783317541,0.7184098102129275,0.745692577883584
237,3.0,4.243899128069819,4.2295022556390975,-8.987256817912762,3.1700206416245975,-0.6405633837044447,4.188465356249658,3.665038427874824,-0.7073165213449697,-0.7049170426065163,1.4978761363187936,-0.5283367736040995,0.10676056395074078,-0.6980775593749431,-0.6108397379791374
238,3.0,3.0241572032352506,2.906087218045118,5.236430002531915,3.1750114291723883,-0.2192361247215602,2.9227527521748162,3.2527834473333503,-0.5040262005392083,-0.4843478696741862,-0.8727383337553191,-0.5291685715287314,0.03653935412026004,-0.48712545869580265,-0.5421305745555582
239,2.0,-6.7288716571756515,-6.569843609022559,-13.925244843826084,-7.104948133668188,-9.420973519416837,-6.604652129736508,-7.019626398040768,1.1214786095292752,1.094973934837093,2.320874140637681,1.1841580222780312,1.5701622532361397,1.1007753549560848,1.1699377330067948
240,2.0,0.3998329070046638,0.21771578947368436,-6.000837022287629,0.06694734678386825,3.8394757735306486,0.2642896773379722,0.3577284768637762,-0.06663881783411063,-0.03628596491228073,1.000139503714605,-0.011157891130644708,-0.6399126289217748,-0.0440482795563287,-0.05962141281062937
241,2.0,6.5654757272228235,6.4696616541353436,8.838371042040816,6.529029266145406,7.673810899508355,6.447005540568367,6.330452347044092,-1.0942459545371372,-1.0782769423558907,-1.473061840340136,-1.0881715443575677,-1.2789684832513926,-1.0745009234280611,-1.0550753911740154
242,3.0,7.7968669501849455,7.918165413533837,1.519639774886397,7.379289819421674,-4.229400175207287,7.858982029057652,7.395751553166891,-1.299477825030824,-1.3196942355889727,-0.2532732958143995,-1.2298816365702787,0.7049000292012146,-1.3098303381762755,-1.2326252588611482
243,3.0,-11.269738036806446,-11.50331879699248,2.116149989374769,-10.232914407561386,-8.160687634164008,-11.470405714648784,-10.785322377928905,1.8782896728010745,1.9172197994987465,-0.3526916648957948,1.7054857345935643,1.3601146056940014,1.9117342857747976,1.7975537296548174
244,3.0,-4.405597536660134,-4.389312781954889,-5.586118987830899,-4.370341585492479,-8.803965033396663,-4.409791115826227,-4.473102215202498,0.7342662561100225,0.7315521303258148,0.9310198313051499,0.7283902642487466,1.4673275055661108,0.7349651859710378,0.7455170358670832
245,3.0,-3.6467751887883657,-3.704496240601503,-3.5693873761182444,-3.5120094310171677,2.586639640504424,-3.6802058071352013,-3.43921371103191,0.607795864798061,0.6174160401002504,0.5948978960197074,0.585334905169528,-0.43110660675073736,0.6133676345225336,0.573202285171985
246,2.0,-7.905316353974662,-7.835648120300751,-8.42050390830067,-7.901457506223418,-8.329830809258167,-7.82650553894555,-7.749871271612174,1.3175527256624437,1.3059413533834585,1.4034173180501117,1.3169095843705696,1.3883051348763613,1.3044175898242583,1.2916452119353625
247,2.0,-1.238845612787081,-1.2804526315789477,-0.16916265298031805,-1.2711444828015284,2.3611681330394285,-1.2771714565064367,-1.290888073790755,0.20647426879784686,0.21340877192982466,0.028193775496719673,0.21185741380025475,-0.393528022173238,0.21286190941773947,0.2151480122984592
248,3.0,-2.1807555301619583,-2.1643383458646617,-3.3199820392835693,-2.3059479085700145,-1.2877279017235614,-2.1733936781373235,-2.213980655321627,0.3634592550269931,0.36072305764411033,0.5533303398805949,0.3843246514283358,0.21462131695392694,0.36223227968955396,0.36899677588693786
249,2.0,1.2180860179072734,1.2212255639097744,-0.3954696328605832,1.1626815957035623,-1.2671014845182218,1.2246390102045652,1.1831528403313367,-0.2030143363178789,-0.2035375939849624,0.06591160547676385,-0.19378026595059372,0.21118358075303698,-0.2041065017007609,-0.1971921400552228
250,2.0,-0.5400281355469199,-0.4836616541353379,-2.401499206094272,-0.5241827106123871,-1.1809875426054797,-0.47443372588263194,-0.5323027326314721,0.09000468925781997,0.08061027568922298,0.40024986768237875,0.08736378510206455,0.19683125710091331,0.07907228764710532,0.08871712210524536
251,3.0,-0.5893745045215404,-0.7034796992481196,13.479290256045978,0.4020580050576935,5.4356678093891775,-0.705689069716422,-0.3933592191307272,0.09822908408692341,0.11724661654135328,-2.246548376007663,-0.06700966750961558,-0.905944634898196,0.11761484495273701,0.06555986985512119
AVG,2.4126984126984126,-0.7299098534415389,-0.7086244957632173,-0.6697381372154966,-0.6833926245842308,-0.35686459747368815,-0.709559548253314,-0.7022541390551946,0.12165164224025653,0.11810408262720291,0.11162302286924945,0.11389877076403854,0.05947743291228142,0.11825992470888572,0.11704235650919918
