time,quarter,month,d,ret_EW,ret_MC,ret_DRMC,ret_CMC,ret_DRCMC,ret_OTCMC,ret_GMM,GMM_K,GMM_eps
2022-01-03,2022Q1,2022-01,451,0.000535167381065543,-0.015343047359208321,1.180818531011665e-05,-0.026389267779215873,0.0006989128580472343,0.0003476156768101169,0.0004243015039612051,3.0,2.0
2022-01-04,2022Q1,2022-01,451,0.008269111671952094,0.0014769037875769294,0.007754410968992262,-0.004470150701724872,0.007403033863561283,0.008086268414257218,0.00820632688686682,3.0,2.0
2022-01-05,2022Q1,2022-01,451,-0.015295487131342293,-0.030234254145465485,-0.01541276453454439,-0.020314486219573435,-0.015264064740403625,-0.015142154685435866,-0.015268920714621848,3.0,2.0
2022-01-06,2022Q1,2022-01,451,0.002500045842716671,0.0003887454728598077,0.002310570849589714,-0.0012023989653621994,0.002246337509335143,0.00245572379165411,0.0024390599974012253,3.0,2.0
2022-01-07,2022Q1,2022-01,451,-0.0029376964558896802,-0.0172655293497882,-0.0032310749534466675,-0.020859766725827032,-0.0032504983740049343,-0.003616636879427749,-0.002999596571213569,3.0,2.0
2022-01-10,2022Q1,2022-01,451,-0.004561549918705344,0.014645823782304192,-0.004378970711364323,0.0005852869735376316,-0.0042232204250706035,-0.004473075302607125,-0.004552857212634918,3.0,2.0
2022-01-11,2022Q1,2022-01,451,0.008769996714186726,-0.010453301838665973,0.008571458476767126,0.004393805700182837,0.008382779822846053,0.00855403632357824,0.00865119593560831,3.0,2.0
2022-01-12,2022Q1,2022-01,451,0.0012220277328356163,0.003292656274353512,0.0012463344127556489,0.006681615013525492,0.0012245407602858036,0.0014136185129400695,0.0012524225352903329,3.0,2.0
2022-01-13,2022Q1,2022-01,451,-0.0048913805183750025,-0.017115936535060446,-0.005273332229182686,-0.021594851371139423,-0.005135821621069375,-0.005532551714078771,-0.004948823259956627,3.0,2.0
2022-01-14,2022Q1,2022-01,451,-0.0019325269153333017,-0.010566088873006836,-0.002075210886246099,-0.013452016616685457,-0.0020070401890296043,-0.002128300307610369,-0.0019700505850073304,3.0,2.0
2022-01-18,2022Q1,2022-01,451,-0.0164673950490581,-0.02023690541818142,-0.016492538146242755,-0.020849035328295427,-0.0165307679084178,-0.016562487716986214,-0.016374236869569507,3.0,2.0
2022-01-19,2022Q1,2022-01,451,-0.01030600307771688,-0.014096635959682713,-0.010098751811160593,-0.009780969465499865,-0.010232689674739575,-0.010232147405239582,-0.010278775737387775,3.0,2.0
2022-01-20,2022Q1,2022-01,451,-0.011956747965565392,-0.02238829486435276,-0.011939792939766766,-0.01433899557560255,-0.01188790404251227,-0.011986994164180139,-0.011907600905376061,3.0,2.0
2022-01-21,2022Q1,2022-01,451,-0.013929636310847484,-0.02469074125687868,-0.013846118691527222,-0.01918048554545978,-0.013863764150154414,-0.013889423126275644,-0.013900744498262611,3.0,2.0
2022-01-24,2022Q1,2022-01,451,0.007064314750667416,0.012802062205668135,0.007069749292121319,0.012304186182586229,0.007094640291254341,0.007174472970338011,0.007005824896748669,3.0,2.0
2022-01-25,2022Q1,2022-01,451,-0.010638685370937543,-0.023933741647050425,-0.011080408470619989,-0.008592677534536384,-0.01100138545739993,-0.011211061176261215,-0.010636634226367606,3.0,2.0
2022-01-26,2022Q1,2022-01,451,-0.006555475817135736,-0.008582100016949536,-0.0066918759437977655,-0.003144363189612885,-0.006604109017785905,-0.006634533691838048,-0.006568118670957619,3.0,2.0
2022-01-27,2022Q1,2022-01,451,-0.0063184372587606905,-0.010153130233924309,-0.006200483984405446,-0.0021098314626417335,-0.006412557739695629,-0.006373177163561496,-0.006244172635376319,3.0,2.0
2022-01-28,2022Q1,2022-01,451,0.0171745109148356,0.021322182961152028,0.017421746782395473,0.028947259824563608,0.017175274761353235,0.017293139186987272,0.017207250578660932,3.0,2.0
2022-01-31,2022Q1,2022-01,451,0.01666089900671372,0.02998810559244911,0.016754040987750733,0.009491327006758336,0.016756721555622613,0.01682501973179789,0.016577481533007508,3.0,2.0
2022-02-01,2022Q1,2022-02,451,0.007292676389204869,0.009042237644417493,0.0070982469267470115,0.006677210741417897,0.007178350548690379,0.007224258371122915,0.007276657873755323,3.0,2.0
2022-02-02,2022Q1,2022-02,451,0.007960885457962516,0.008550839456906146,0.00800172766755838,0.021462556376016198,0.008021056006461896,0.008094541600009653,0.008016220077620874,3.0,2.0
2022-02-03,2022Q1,2022-02,451,-0.014420018325586512,-0.012042081448855093,-0.01445792578542493,-0.017088671499203803,-0.014450236528369563,-0.014524363684901676,-0.014362878258547183,3.0,2.0
2022-02-04,2022Q1,2022-02,451,-0.0017781993344051993,-0.0116677741546544,-0.001847278792736576,-0.006158285205353828,-0.0018041682966576694,-0.0018343170851994948,-0.0018215271286187184,3.0,2.0
2022-02-07,2022Q1,2022-02,451,0.0008431316654740046,-0.004597439489999766,0.0005812976384294798,-0.0035588212266955796,0.0008060713751482441,0.0007501764849585596,0.0007889184059894318,3.0,2.0
2022-02-08,2022Q1,2022-02,451,0.009057851529185576,0.005924674818823517,0.008884304728884882,0.000572312203914226,0.00908673554479545,0.009047269823652383,0.009026849034608216,3.0,2.0
2022-02-09,2022Q1,2022-02,451,0.017073024276464524,0.022425203012910892,0.017065248702140254,0.02042727987459573,0.017068346565322703,0.017117124000865173,0.01703580515556585,3.0,2.0
2022-02-10,2022Q1,2022-02,451,-0.016353067460472985,-0.021942032296449886,-0.01653774987149169,-0.023449353823735794,-0.016400539225637,-0.016482692186923727,-0.016422549347368125,3.0,2.0
2022-02-11,2022Q1,2022-02,451,-0.014264034533580695,-0.011093522841267817,-0.014255502890758671,-0.010812814597293417,-0.014354300432316721,-0.014465222757921354,-0.014217540268161803,3.0,2.0
2022-02-14,2022Q1,2022-02,451,-0.0078106493043692115,-0.016666943027889927,-0.007788161808687361,-0.010798513502818368,-0.007777914770121826,-0.007754056683255568,-0.007793140725986643,3.0,2.0
2022-02-15,2022Q1,2022-02,451,0.015263321102205095,0.02189673388949985,0.01510824604666761,0.011649675718355238,0.015292000396264584,0.01529680214687289,0.015186857243164799,3.0,2.0
2022-02-16,2022Q1,2022-02,451,0.0033190029243441808,-7.969820022123717e-05,0.003178125795167362,0.0026382289618241896,0.003323139570875921,0.003261103335726113,0.0032750686399552285,3.0,2.0
2022-02-17,2022Q1,2022-02,451,-0.018072716450780114,-0.0152253775554371,-0.017977505027947455,-0.017344297382796962,-0.01804550017099027,-0.018133101932666387,-0.017994237458557702,3.0,2.0
2022-02-18,2022Q1,2022-02,451,-0.004062250804807431,-0.0026524741652352458,-0.004018038920129032,-0.004214784389804148,-0.004055213284409872,-0.00405375529102067,-0.004020916657444955,3.0,2.0
2022-02-22,2022Q1,2022-02,451,-0.009461446713939864,-0.018063340481243695,-0.00941907474092393,-0.021981798545583207,-0.009478584065469815,-0.009498885880844878,-0.009423145292434092,3.0,2.0
2022-02-23,2022Q1,2022-02,451,-0.016569239668186037,-0.026911009304178665,-0.016562598107669406,-0.014190774214285244,-0.0165893489556224,-0.016631997108131867,-0.01649983264217192,3.0,2.0
2022-02-24,2022Q1,2022-02,451,0.010236529018940557,0.044872154967410094,0.010605468101816281,0.01687073644660711,0.010307148812177699,0.010457878568124626,0.010174997561954483,3.0,2.0
2022-02-25,2022Q1,2022-02,451,0.0267651276712028,0.018011115760846894,0.02660877942496879,0.02762623756004394,0.026753045463591106,0.02673699122288996,0.02679218024041366,3.0,2.0
2022-02-28,2022Q1,2022-02,451,-0.006915269920050853,0.006735682495743753,-0.006849374175273707,-0.01157021286626864,-0.006949037485977496,-0.006925503483985408,-0.006991096219602104,3.0,2.0
2022-03-01,2022Q1,2022-03,451,-0.018746817300997722,-0.0018737915584356244,-0.018235803273267147,-0.008450373395070144,-0.018704632789410994,-0.01867616579909455,-0.018739726722173194,3.0,2.0
2022-03-02,2022Q1,2022-03,451,0.022846082672617136,0.012421037903095646,0.022601050784957864,0.027432371909414763,0.022829261032259136,0.022845079771527464,0.02275065414477557,3.0,2.0
2022-03-03,2022Q1,2022-03,451,-0.002720499044930075,0.0021547131724508352,-0.002569973748839618,-0.008378733291361316,-0.002720653048483196,-0.0027250310926924893,-0.0026326402146953014,3.0,2.0
2022-03-04,2022Q1,2022-03,451,-0.006999836401439866,0.007100539000088877,-0.006649422420267648,0.006589821647982191,-0.006990334628488445,-0.007001882918870706,-0.006956338792719776,3.0,2.0
2022-03-07,2022Q1,2022-03,451,-0.030173750219531136,-0.025448066625536118,-0.029777255169725583,-0.020786217370311312,-0.030176239836368315,-0.03018676407771624,-0.029784474767868774,3.0,2.0
2022-03-08,2022Q1,2022-03,451,-0.0055742853070580595,0.00043937078064081557,-0.006055622459576587,-0.0009475455381114661,-0.005590551025686567,-0.005620558984843812,-0.00710487837952895,3.0,2.0
2022-03-09,2022Q1,2022-03,451,0.02338102499186088,0.02387475346576065,0.023298462898062706,0.026459426265155652,0.023388921228638865,0.023427786510771827,0.022859763888854166,3.0,2.0
2022-03-10,2022Q1,2022-03,451,-0.0025034357662868595,0.002003736303143552,-0.0026420204556129763,-0.0013430647228007948,-0.0025182739129241635,-0.0025558833944167346,-0.0024830483124993223,3.0,2.0
2022-03-11,2022Q1,2022-03,451,-0.01041916148967694,-0.008594772966085542,-0.010478556270009074,-5.562103277172506e-05,-0.010435331028884692,-0.010455841557897548,-0.01035795004142374,3.0,2.0
2022-03-14,2022Q1,2022-03,451,-0.003974885848461032,0.0006599293436770227,-0.00388562623965728,-0.008838551281599487,-0.003989178454003719,-0.003985796545200117,-0.0038799774020640103,3.0,2.0
2022-03-15,2022Q1,2022-03,451,0.01746355456418698,0.010067461617185596,0.017557104790172577,0.009324106739249821,0.017509356623955953,0.017538735354574644,0.01740258443679356,3.0,2.0
2022-03-16,2022Q1,2022-03,451,0.021233971549592508,0.030511271136321877,0.021153804086082514,0.023355670420844188,0.0212472686937296,0.02129061114752899,0.021149906956374052,3.0,2.0
2022-03-17,2022Q1,2022-03,451,0.012334986744847537,0.012205211180070282,0.012353183369775363,0.016389321488625756,0.01230922579774865,0.012336236525064699,0.012301483055889805,3.0,2.0
2022-03-18,2022Q1,2022-03,451,0.008397699564889484,0.017871772512397126,0.008545416531551782,0.012268595632433005,0.008407648673405403,0.008459654904816677,0.008294612901936695,3.0,2.0
2022-03-21,2022Q1,2022-03,451,-0.001963612500105857,-0.006951925010997522,-0.002016834505101906,0.00020022700304937833,-0.0019837341728334715,-0.002019460822124874,-0.001921276299961277,3.0,2.0
2022-03-22,2022Q1,2022-03,451,0.007283641324288375,0.015031539231461534,0.007310923843601551,0.0032459056416744626,0.007282540414364965,0.007285195602917844,0.007227679451773303,3.0,2.0
2022-03-23,2022Q1,2022-03,451,-0.013557473184971781,-0.010353860814286929,-0.013593944435516085,-0.015887939578710243,-0.013568822411717897,-0.013607678210153854,-0.013519737404720594,3.0,2.0
2022-03-24,2022Q1,2022-03,451,0.012211997575032314,0.008962430915911033,0.012195195880916927,0.014401409926210227,0.012220248895322115,0.012225187793070968,0.012172178400909062,3.0,2.0
2022-03-25,2022Q1,2022-03,451,0.007203194879546931,-0.006152836694200664,0.007019557744385769,0.002428252582760469,0.007185850071592411,0.0071508933931846,0.007267136030272032,3.0,2.0
2022-03-28,2022Q1,2022-03,451,0.0026503869727924597,0.015751043228267692,0.002906009617529238,0.008527216115129637,0.0026741735790540323,0.0027205624371151654,0.002653492597975711,3.0,2.0
2022-03-29,2022Q1,2022-03,451,0.015680082257725863,0.015121679907444696,0.015601961706511881,0.022221123620307162,0.015680943505537556,0.01571808740540865,0.015664550623670025,3.0,2.0
2022-03-30,2022Q1,2022-03,451,-0.006851963599530796,-0.011953727958258461,-0.006823875753967372,-0.00992106883185415,-0.006856921992317317,-0.006902650777446048,-0.0067757106794517205,3.0,2.0
2022-03-31,2022Q1,2022-03,451,-0.013859622056983305,-0.009798779463655375,-0.01382355517771035,-0.011560321773462659,-0.01385846330076079,-0.013899531482621574,-0.013827029230724167,3.0,2.0
2022-04-01,2022Q2,2022-04,455,0.0036529220891916197,0.0005286306377048581,0.003826001872189572,0.009369565167201234,0.003801235035924241,0.0037335092629882305,0.0065778896655804,3.0,0.1
2022-04-04,2022Q2,2022-04,455,0.0011808027302633156,3.220118420391204e-05,0.001083539552993343,-0.0018747952810865714,0.0011557475674319308,0.001089285090061727,-0.0006578932225224658,3.0,0.1
2022-04-05,2022Q2,2022-04,455,-0.010079237807321248,-0.012161277109373987,-0.009840658876072744,0.0011291881585163278,-0.009948695434849535,-0.009931301847166651,-0.005045239190903293,3.0,0.1
2022-04-06,2022Q2,2022-04,455,-0.004294403315098958,0.0028241523553612126,-0.003731487959398143,0.021524149405165064,-0.004064047442692832,-0.0040700424597335996,0.0042416110226163985,3.0,0.1
2022-04-07,2022Q2,2022-04,455,0.0035030843380154213,0.01990717166312555,0.004049212767865383,0.015832537920431718,0.0037067827585986813,0.00359583085656167,0.006871737225235028,3.0,0.1
2022-04-08,2022Q2,2022-04,455,0.001831796860301626,0.012419209440688618,0.002086960966812233,0.04286961856001474,0.0019298193612554714,0.001889850879252382,0.0014396062642667191,3.0,0.1
2022-04-11,2022Q2,2022-04,455,-0.009658697762928499,-0.020463069017973345,-0.01007069116882759,-0.012641925213387617,-0.009771186995345049,-0.009711078487220937,-0.010477674759723202,3.0,0.1
2022-04-12,2022Q2,2022-04,455,-0.0026285903102876555,0.0008858464943792099,-0.002577806996647575,0.002720411976544389,-0.0025879035605303256,-0.0026092216359731883,-0.002908967053090037,3.0,0.1
2022-04-13,2022Q2,2022-04,455,0.010922281168968468,0.006475469151414896,0.010675195273973231,0.009052231646763111,0.010804798194539257,0.010826330895978183,0.0070572633541421195,3.0,0.1
2022-04-14,2022Q2,2022-04,455,-0.006814081160047133,-0.00561621090224498,-0.006854046048504408,0.006008868480242604,-0.00674329753115291,-0.006763497085610344,-0.0038527531067444436,3.0,0.1
2022-04-18,2022Q2,2022-04,455,-0.0021937984799504854,-0.008045789282912226,-0.002285754749993168,0.0030599168688102184,-0.00218058940902696,-0.0022220985613605132,-0.006679780378122659,3.0,0.1
2022-04-19,2022Q2,2022-04,455,0.017886593413536385,0.0026797914845735687,0.01733320381600209,-0.0005424337285314966,0.017680107711883473,0.01775242965667296,0.011850506888742961,3.0,0.1
2022-04-20,2022Q2,2022-04,455,0.007144438998212332,-0.0010205870889333267,0.007151216597154508,0.0016662117940480893,0.007189213852204609,0.007225476969019632,0.009307111138319855,3.0,0.1
2022-04-21,2022Q2,2022-04,455,-0.013836258857539144,-0.020868137681263724,-0.014044665074865305,-0.035656624885047644,-0.013839790672530845,-0.013796336390844776,-0.010137879068923118,3.0,0.1
2022-04-22,2022Q2,2022-04,455,-0.027710326760141676,-0.029900506479782252,-0.027646771394320854,-0.027908159796330993,-0.027707725189641014,-0.02767833922177563,-0.023379480255617528,3.0,0.1
2022-04-25,2022Q2,2022-04,455,0.002829441736877136,0.001165414546315172,0.002583527971471754,-0.011980841045045074,0.002762201268915012,0.002754044042701208,0.0017112511722598227,3.0,0.1
2022-04-26,2022Q2,2022-04,455,-0.02403221514417532,-0.022676532708384455,-0.0236564276487823,-0.010507993500910383,-0.02384291338269502,-0.023881348025482342,-0.02027922519874588,3.0,0.1
2022-04-27,2022Q2,2022-04,455,0.001840193027404914,0.0023631369864483033,0.001860562309277646,-0.0036310355489900126,0.001815894517640289,0.001834885571391325,-0.000595904857176708,3.0,0.1
2022-04-28,2022Q2,2022-04,455,0.018472413011448578,0.008845460741610339,0.0181316731705441,0.007857961543684719,0.018402754922229078,0.018362271331885463,0.011009548277366402,3.0,0.1
2022-04-29,2022Q2,2022-04,455,-0.03081882796715495,-0.032462813060847195,-0.03087546115053251,-0.02859549834129676,-0.030811432302156976,-0.030825536903907054,-0.030307355405386316,3.0,0.1
2022-05-02,2022Q2,2022-05,455,0.002769056619429657,0.006239744137742824,0.002548187813545434,-0.003053312803500544,0.0026120609542811682,0.002627610911400793,-0.005405764226354953,3.0,0.1
2022-05-03,2022Q2,2022-05,455,0.007687512618173576,0.01817212674984267,0.007709198072794915,0.016300583704263336,0.007778537732675401,0.007660228824436023,0.004705953139751988,3.0,0.1
2022-05-04,2022Q2,2022-05,455,0.027935836713522757,0.0261740284444317,0.027857020568094276,0.013564012958371546,0.02789081358570126,0.02787454585891698,0.021335579404581525,3.0,0.1
2022-05-05,2022Q2,2022-05,455,-0.03101411383030253,-0.025941662371669942,-0.030718159913274264,-0.02569157181659337,-0.030817447259540512,-0.03087477255313939,-0.021532181664494752,3.0,0.1
2022-05-06,2022Q2,2022-05,455,-0.009293625444171328,-0.008161136911468699,-0.00884868829954677,-0.004705009408741233,-0.009054820147935894,-0.009163884206126134,-0.001992133078567044,3.0,0.1
2022-05-09,2022Q2,2022-05,455,-0.02927571260967284,-0.03813407798253459,-0.029148604611652564,-0.048173225139572486,-0.029135981994815333,-0.0291743799464921,-0.017427546443511126,3.0,0.1
2022-05-10,2022Q2,2022-05,455,-0.002103842539823156,0.006067840518057606,-0.0019706838097735785,0.00033044613493918876,-0.0021093428531417536,-0.0021174277288269526,-0.002648444929249787,3.0,0.1
2022-05-11,2022Q2,2022-05,455,-0.012114566459338769,-0.01703200389272628,-0.011802421612979046,-0.005597258338151829,-0.011986814678110786,-0.011947661518353428,-0.0039786662320188525,3.0,0.1
2022-05-12,2022Q2,2022-05,455,0.004533278277087716,0.007475882221495496,0.004697648157436413,-0.009371783221371794,0.004533536561398339,0.0045103874051304,0.004138302813031113,3.0,0.1
2022-05-13,2022Q2,2022-05,455,0.023583699264178894,0.022780410849912433,0.023302128091085623,0.03406844035019993,0.02332335897730573,0.023435550747884736,0.013269340232355497,3.0,0.1
2022-05-16,2022Q2,2022-05,455,-0.003662734560306139,0.0004655188461916837,-0.0033249995806556056,0.008886212277753557,-0.0035011614317170345,-0.0035734841205900727,0.0027138451195132984,3.0,0.1
2022-05-17,2022Q2,2022-05,455,0.02122831894248808,0.008420796129764124,0.020524849618705262,0.011907893719620252,0.02108656828183589,0.021075287497839067,0.009244404080054247,3.0,0.1
2022-05-18,2022Q2,2022-05,455,-0.03817642966772668,-0.049020365844593766,-0.03842095652141187,-0.04910460860673671,-0.038090130665693056,-0.0381217456511777,-0.03466333249705967,3.0,0.1
2022-05-19,2022Q2,2022-05,455,-0.002148667639491424,0.007346774759578374,-0.001984731052242982,0.007391419500202499,-0.0021785457970328343,-0.0021598637439007255,-0.002128090543156125,3.0,0.1
2022-05-20,2022Q2,2022-05,455,0.00023110854239263075,-0.005934060459723581,0.00035124470370022636,-0.018756440067810503,0.00026942468350856034,0.000270260045784502,0.004490018322413112,3.0,0.1
2022-05-23,2022Q2,2022-05,455,0.014086044800957815,0.011879314431237084,0.014177030805557562,0.023540457124718982,0.014140968396978374,0.014101072543956227,0.013572384143602245,3.0,0.1
2022-05-24,2022Q2,2022-05,455,-0.00641449165850342,-0.007205791930172627,-0.005751528509074368,-0.007141722016271812,-0.006110373051498658,-0.006204229967315842,0.009121980493282257,3.0,0.1
2022-05-25,2022Q2,2022-05,455,0.011403646175245346,0.013053544903529054,0.0110172407258211,0.0073818571559412655,0.011239584782874568,0.011278972936894664,0.0022554124616551343,3.0,0.1
2022-05-26,2022Q2,2022-05,455,0.021509964236633167,0.020651419472596765,0.020968351852432704,0.02949206641431546,0.021259441675146918,0.021333988444145306,0.009326031240224507,3.0,0.1
2022-05-27,2022Q2,2022-05,455,0.0232685168754355,0.025982586571795738,0.023272903882747414,0.014687636055152279,0.02318660758171178,0.023205942326676898,0.017649007887047152,3.0,0.1
2022-05-31,2022Q2,2022-05,455,-0.008997805700072477,-0.015130960658636103,-0.009230034985273234,-0.004452943032196399,-0.009042017153751403,-0.009034835247685363,-0.012106012661109779,3.0,0.1
2022-06-01,2022Q2,2022-06,455,-0.010617244904635122,-0.006102569596627383,-0.010361945923632439,-0.012498690391778162,-0.010538678422596818,-0.010575390578807124,-0.00924283572187502,3.0,0.1
2022-06-02,2022Q2,2022-06,455,0.018437072390224483,0.01838172558425146,0.018158170197090373,0.012342635599146536,0.018297383777143447,0.018322657913731014,0.00855597546338747,3.0,0.1
2022-06-03,2022Q2,2022-06,455,-0.011975680500908047,-0.005907611382024028,-0.011730535340463425,-0.008918622333301587,-0.011897807897145587,-0.011919937327130693,-0.00798933456188184,3.0,0.1
2022-06-06,2022Q2,2022-06,455,0.003236760025086996,0.00300108210507458,0.0031613315980693886,0.0026176796683925834,0.003201353979300162,0.0032100749129557516,0.0011237242505524408,3.0,0.1
2022-06-07,2022Q2,2022-06,455,0.0097210206427432,0.010672109055442098,0.009797523923958735,0.0016029858459010089,0.00973046635819156,0.009729074834139453,0.009667211490930215,3.0,0.1
2022-06-08,2022Q2,2022-06,455,-0.014693987406820715,-0.012202029335690371,-0.014518748966279575,-0.01231672300256942,-0.014684418144579988,-0.014688656595361128,-0.011280147415720532,3.0,0.1
2022-06-09,2022Q2,2022-06,455,-0.022600009154023486,-0.01916802688798476,-0.022357246634456117,-0.030236378539503048,-0.022555645881346578,-0.022561079684967924,-0.020444153206631184,3.0,0.1
2022-06-10,2022Q2,2022-06,455,-0.026915080262985704,-0.018039927407397224,-0.026274699993748006,-0.013373507514224761,-0.026779228347605287,-0.026763679879779234,-0.013148689394424908,3.0,0.1
2022-06-13,2022Q2,2022-06,455,-0.04035588363573849,-0.03443386580558866,-0.03983997378294228,-0.04034895374694296,-0.04024976762832011,-0.04024314125509165,-0.03122378199181755,3.0,0.1
2022-06-14,2022Q2,2022-06,455,-0.005489761177408962,0.0025208376045628383,-0.0054544489486047145,-0.0010787369746811358,-0.005532608458982676,-0.005531400154261507,-0.01298382386069043,3.0,0.1
2022-06-15,2022Q2,2022-06,455,0.010615039039321867,0.011745922105198994,0.010342076230400156,-0.0011040644285871435,0.010521181269049204,0.010556437292151558,0.008860102590241248,3.0,0.1
2022-06-16,2022Q2,2022-06,455,-0.03540116246072127,-0.03411827185794696,-0.034750206249620164,-0.033384195319961826,-0.035216345552588915,-0.03520037049642977,-0.01670668086335634,3.0,0.1
2022-06-17,2022Q2,2022-06,455,0.0029691047861981614,-0.01650413485957453,0.0022540568059768425,-0.006957795297210464,0.0028078810871439317,0.002870087301009507,-0.00024976978050597143,3.0,0.1
2022-06-21,2022Q2,2022-06,455,0.01794701230377846,0.03589632600648779,0.018409346987367736,0.02545955643345367,0.018059158036980917,0.01800962336765797,0.021908109405062024,3.0,0.1
2022-06-22,2022Q2,2022-06,455,-0.0006351935533295715,-0.004141664949967774,-0.0006572598944234545,-0.0097260403344889,-0.0006277628236057629,-0.0005991197076761159,0.007365307380991894,3.0,0.1
2022-06-23,2022Q2,2022-06,455,0.007482738800461184,0.006227737760111899,0.007696248954104789,-0.01589143923102759,0.007465893668550632,0.007529020734481109,0.01791286867948977,3.0,0.1
2022-06-24,2022Q2,2022-06,455,0.03253738172691855,0.020537404899415464,0.031720981249977576,0.020566769437977916,0.03223033516141374,0.032372122277510504,0.021123483618927595,3.0,0.1
2022-06-27,2022Q2,2022-06,455,-0.000630982157536094,0.010721841974755631,-0.000263902539134022,0.017727057199469404,-0.00048198248824622263,-0.000560056129447521,0.0015941331979952614,3.0,0.1
2022-06-28,2022Q2,2022-06,455,-0.014613582188311665,-0.015268856180308384,-0.01455471130862119,-0.003559551145581631,-0.014528311461453369,-0.014575430274003156,-0.013424514235029912,3.0,0.1
2022-06-29,2022Q2,2022-06,455,-0.005320995247509326,-0.010909337254236833,-0.004885987608182058,0.003929590319344771,-0.005216424843079445,-0.00520623940729603,0.004545118985006379,3.0,0.1
2022-06-30,2022Q2,2022-06,455,-0.0065810131672370395,-0.003723124617120517,-0.006365513331207571,-0.003113687994599609,-0.006493755049477817,-0.006502528230678225,-0.0011140630311186218,3.0,0.1
2022-07-01,2022Q3,2022-07,458,0.012169209760993744,0.0124325533151757,0.012254994503561486,0.011816390611754012,0.012676682060050576,0.012570161089548844,0.014553301479928903,3.0,0.05
2022-07-05,2022Q3,2022-07,458,-0.00326187780182217,-0.015431214084324532,-0.004377027040032766,-0.019945471869504412,-0.00553939006734068,-0.007649786661681635,-0.014126499220846639,3.0,0.05
2022-07-06,2022Q3,2022-07,458,0.0007460305806059058,0.0025042270340702917,0.0011835946008070248,0.006564860225685537,0.002581132554462362,0.002290284671197206,0.0019405800923639662,3.0,0.05
2022-07-07,2022Q3,2022-07,458,0.014597231414970059,0.009679153765103,0.014022167652991267,0.012615968780456316,0.012339911166825932,0.011581801763416038,0.006981623300096492,3.0,0.05
2022-07-08,2022Q3,2022-07,458,-0.00370255025782295,0.001920589737916606,-0.0034797742403636055,0.005629023871008859,-0.003436532287619737,-0.0029384320101480017,-0.0020049865485735397,3.0,0.05
2022-07-11,2022Q3,2022-07,458,-0.008849802216600462,-0.0029447405029980377,-0.008128070103889419,-0.0035873153617973766,-0.0070800718889021605,-0.005575771999420246,-0.002646079919447946,3.0,0.05
2022-07-12,2022Q3,2022-07,458,-0.004426881467583237,-0.011201357594465892,-0.004947117025499039,-0.01559637197633422,-0.005038510572005869,-0.006116875769338894,-0.005124778555356424,3.0,0.05
2022-07-13,2022Q3,2022-07,458,-0.005833059615543081,-0.0032038037221643442,-0.0057354420536936904,-0.005253486178624193,-0.006037801888314182,-0.005535817027503392,-0.005352477378185488,3.0,0.05
2022-07-14,2022Q3,2022-07,458,-0.007768408917224148,-0.012027981255888808,-0.007836109110863975,-0.013670094811069646,-0.007716953307857213,-0.007773451992728048,-0.007888671610817627,3.0,0.05
2022-07-15,2022Q3,2022-07,458,0.019693809466190322,0.013344532844696675,0.01910583767501685,0.006929121542737331,0.018691223300405683,0.017343781076601214,0.01138377459859239,3.0,0.05
2022-07-18,2022Q3,2022-07,458,-0.004919233449297771,-0.011069759231576527,-0.00524124864128969,-0.010495691490331952,-0.0066940547902590505,-0.006585486179509773,-0.011839001994718698,3.0,0.05
2022-07-19,2022Q3,2022-07,458,0.030180294917384172,0.020340637697195636,0.02931103574398245,0.016942103576813645,0.028171371507918878,0.02620540731124857,0.01673182826545363,3.0,0.05
2022-07-20,2022Q3,2022-07,458,0.005582477513884887,-0.0061524292057084295,0.004669158017599309,-0.00450629474393584,0.003187417748200025,0.0015469981339259645,-0.004896625476826012,3.0,0.05
2022-07-21,2022Q3,2022-07,458,0.007165690412763625,0.0094747370229461,0.007065921669644317,0.003096046427268624,0.007948014619414571,0.0056270322357575035,0.0007718469261481986,3.0,0.05
2022-07-22,2022Q3,2022-07,458,-0.005522348712712476,0.0019601750355967393,-0.004931638094484438,-0.0016861558637719207,-0.004014697602426708,-0.0020011869947531673,0.00016056321086774922,3.0,0.05
2022-07-25,2022Q3,2022-07,458,0.0033136023272948767,0.014763012987138276,0.0037920594834927965,0.012946345824231119,0.0036123462474510057,0.005365663713669347,0.005749812382920566,3.0,0.05
2022-07-26,2022Q3,2022-07,458,-0.007706488663001472,0.0003843340161156974,-0.007032221021864502,-0.014635252731883196,-0.005684075435937482,-0.004193819141068219,-0.0007709796714345748,3.0,0.05
2022-07-27,2022Q3,2022-07,458,0.019485650380954532,0.01108079086280446,0.01853391813470666,0.005474944292360954,0.01660624946239594,0.014586582546859244,0.008293182910243613,3.0,0.05
2022-07-28,2022Q3,2022-07,458,0.01496687699082747,0.01720731188357124,0.014882830651497477,0.013857468933663776,0.014259687377515675,0.014607246271599487,0.011162655174598388,3.0,0.05
2022-07-29,2022Q3,2022-07,458,0.00941478207984741,0.008768916652016385,0.009473187923575911,0.019836366639393768,0.009180156962954477,0.00839258287320618,0.004271958584052656,3.0,0.05
2022-08-01,2022Q3,2022-08,458,-0.0022189329103065375,-0.003480838732740851,-0.00241169755847704,-0.003107272156457977,-0.0033025312527567834,-0.0034080192571514225,-0.0033727415292358802,3.0,0.05
2022-08-02,2022Q3,2022-08,458,-0.007044778890922282,-0.004683495339350424,-0.007124900376334694,0.0046660765026551865,-0.00683832067046487,-0.006774112371135031,-0.006570688575657988,3.0,0.05
2022-08-03,2022Q3,2022-08,458,0.010146236328759658,-0.0014203834194511911,0.009482551924897692,-0.013496633752900621,0.009042116968192127,0.006519614898030731,0.006359223012730106,3.0,0.05
2022-08-04,2022Q3,2022-08,458,-0.0023764541515219834,-0.005659978501961607,-0.002654887432780119,-0.027212965863121278,-0.00251502953922024,-0.004024283945987958,-0.004423432624077977,3.0,0.05
2022-08-05,2022Q3,2022-08,458,0.001522375910700123,0.004555577434070661,0.0017835173820692743,0.0037345220490500727,0.001552502436792684,0.002746832926552434,0.000973705093203402,3.0,0.05
2022-08-08,2022Q3,2022-08,458,0.0030619395824257305,0.0044155338074303285,0.003003250998429633,-0.0045920276850835344,0.0030009567474055775,0.0025555832479974222,0.0019403592455728698,3.0,0.05
2022-08-09,2022Q3,2022-08,458,-0.005626734985576988,0.003512603147224459,-0.004649838175590643,0.007302274401904868,-0.0036467113050341043,-0.00020496694153402016,0.0034358518093956804,3.0,0.05
2022-08-10,2022Q3,2022-08,458,0.02134038204676998,0.008296590779104713,0.02039370633561743,0.011396307748635096,0.02004048822665657,0.01633168276090137,0.013438934869631387,3.0,0.05
2022-08-11,2022Q3,2022-08,458,0.004537576867261143,0.001074893562472569,0.004474156592297227,0.005313026688871859,0.004307025328930018,0.0023479246077535145,0.0011395346756196748,3.0,0.05
2022-08-12,2022Q3,2022-08,458,0.01608668621991898,0.013627287304070269,0.015909371618304403,0.018794291523532503,0.016283852942188332,0.015421921509779309,0.0139792466936847,3.0,0.05
2022-08-15,2022Q3,2022-08,458,0.0019612373095785137,0.005271411538107667,0.0019741496885173613,0.006188921556449725,0.0023227440179937435,0.0032543737990317094,0.005644795051638082,3.0,0.05
2022-08-16,2022Q3,2022-08,458,0.003416745939116831,0.0008734702331726751,0.003435920959783448,-0.003628030630520452,0.00377743760908857,0.0032759858280536833,0.004656094569079804,3.0,0.05
2022-08-17,2022Q3,2022-08,458,-0.009072302457864855,0.0031968814958109964,-0.008423660098778978,0.00033869096961588845,-0.008662802984141394,-0.005970299743775043,-0.0033855727635551916,3.0,0.05
2022-08-18,2022Q3,2022-08,458,0.0036146847437837485,0.0015844864608846715,0.0036129813149703804,0.0030953820946610353,0.0034027754826795632,0.002658936427516914,0.0008724209462414336,3.0,0.05
2022-08-19,2022Q3,2022-08,458,-0.012361802598918222,0.0007427877095908175,-0.01154597494100535,-0.0026338245975643885,-0.011325194340533461,-0.007993120895508323,-0.002507393227015635,3.0,0.05
2022-08-22,2022Q3,2022-08,458,-0.021348801367658776,-0.008547516502452519,-0.020599065295547933,-0.0121355114451643,-0.02037613678801726,-0.01741950069382188,-0.014278567029309476,3.0,0.05
2022-08-23,2022Q3,2022-08,458,-0.0013723765895567622,0.0003453744192358885,-0.001434306718999418,0.0016699823673378498,-0.002762996365229878,-0.0024033150477461318,-0.00530387230984047,3.0,0.05
2022-08-24,2022Q3,2022-08,458,0.004701610067638067,0.007276470502466496,0.004469256039111553,0.006630361268512645,0.0036982458393825133,0.0037961675016523304,0.002487753884650821,3.0,0.05
2022-08-25,2022Q3,2022-08,458,0.014785202361155533,0.012506740127481552,0.014251770918778797,0.006779696306927121,0.01359216478687219,0.011570368799340062,0.007592312034967441,3.0,0.05
2022-08-26,2022Q3,2022-08,458,-0.0321604649348016,-0.018104745652662024,-0.03137212471877082,-0.014638676639691891,-0.030079575034852864,-0.027580659613447585,-0.02315634875329419,3.0,0.05
2022-08-29,2022Q3,2022-08,458,-0.005375930719001651,-0.005958858104786909,-0.005099058005836866,0.00035369232797255543,-0.005051950920305161,-0.003897651114667849,-0.0006302739345775278,3.0,0.05
2022-08-30,2022Q3,2022-08,458,-0.01061897650366005,-0.018010650851298896,-0.010836967300658088,-0.01779947444938668,-0.010257121184209905,-0.011426650419866975,-0.012391890750728916,3.0,0.05
2022-08-31,2022Q3,2022-08,458,-0.007598572133278077,-0.009370544553469936,-0.007537687810234901,-0.009006612392748772,-0.006871695653018481,-0.007014474679483055,-0.006032536529122215,3.0,0.05
2022-09-01,2022Q3,2022-09,458,0.0016047727023424808,0.009247708718626482,0.0018682144546266057,0.006866424292847386,0.0029818453671897204,0.0027074423610775286,0.007146426558250089,3.0,0.05
2022-09-02,2022Q3,2022-09,458,-0.007774956902435203,-0.0049855803096598246,-0.0076919096629138265,-0.005512518932028406,-0.008471016121197633,-0.00751270326967094,-0.00907521099574684,3.0,0.05
2022-09-06,2022Q3,2022-09,458,-0.0031226784410071087,-0.004962694396407608,-0.003127936925455284,0.0011094651191245284,-0.002877098260369349,-0.0029901861022194353,-0.00271605670357072,3.0,0.05
2022-09-07,2022Q3,2022-09,458,0.021905427116002785,0.01615295072214909,0.021451873839445787,0.009707162968033676,0.02150823954683279,0.020043236258976308,0.018792697549063306,3.0,0.05
2022-09-08,2022Q3,2022-09,458,0.008493466139319074,0.005466415767322129,0.008167065861712102,0.005756061300776149,0.007933757814671606,0.0061737470222752895,0.0026626962624279812,3.0,0.05
2022-09-09,2022Q3,2022-09,458,0.014081463606303544,0.010920552843955055,0.013731593438597173,0.008947560886169947,0.012844661891502483,0.012106976868621291,0.008306585924508133,3.0,0.05
2022-09-12,2022Q3,2022-09,458,0.009043606840513111,0.0016809621460575695,0.00882087108466096,-0.004113220820223742,0.008402800257734065,0.008165556276676993,0.007440146075066042,3.0,0.05
2022-09-13,2022Q3,2022-09,458,-0.039098237390386176,-0.02788098258247547,-0.03840886118885006,-0.028507698057873322,-0.037569129645286484,-0.03526691801125327,-0.030896140406256694,3.0,0.05
2022-09-14,2022Q3,2022-09,458,-0.00015028956566355792,0.00768778687142859,-0.00011632871989914346,0.009306778781470374,-0.0010604209511031065,0.00028161181947631084,0.0006512584332562935,3.0,0.05
2022-09-15,2022Q3,2022-09,458,-0.007933325495336508,-0.015124104542056337,-0.00819884930183854,-0.006039198943375423,-0.007837733643206932,-0.008896037400123707,-0.008610872192102138,3.0,0.05
2022-09-16,2022Q3,2022-09,458,-0.009918448448300862,-0.007051575695628115,-0.00967895732647053,-0.0032672980368587652,-0.009351727986966232,-0.00847966639692389,-0.003375843038281051,3.0,0.05
2022-09-19,2022Q3,2022-09,458,0.008059985014690265,0.009358314634998116,0.007949389006888023,0.003727105576621104,0.007908220891306649,0.007510850387598775,0.005753716090593412,3.0,0.05
2022-09-20,2022Q3,2022-09,458,-0.016107290425357308,-0.012141069214905383,-0.015926592667013423,-0.009259460080772303,-0.01560635899675155,-0.014845676470379685,-0.012622061669335435,3.0,0.05
2022-09-21,2022Q3,2022-09,458,-0.016308027960620225,-0.01258951799515359,-0.015933605153407443,-0.010181054245690617,-0.015303298514029572,-0.014784684243392496,-0.012201426663358099,3.0,0.05
2022-09-22,2022Q3,2022-09,458,-0.013981013831427037,-0.0009607932655840779,-0.013291719860387472,-0.003431995839965175,-0.012537593142484751,-0.011229572374532738,-0.0059772795066451315,3.0,0.05
2022-09-23,2022Q3,2022-09,458,-0.01672011821072321,-0.025569656745403513,-0.01676351888733808,-0.023081014512166334,-0.015557019300303806,-0.017180629892947573,-0.016294835361135816,3.0,0.05
2022-09-26,2022Q3,2022-09,458,-0.014562532251518772,-0.018304624005562146,-0.014640452826854658,-0.021530305526540325,-0.014244578234537725,-0.014842411005336748,-0.012659702657358239,3.0,0.05
2022-09-27,2022Q3,2022-09,458,-0.0028973287206978497,0.000835968804525638,-0.003171100543162984,0.0016705047828664155,-0.0038447201244635595,-0.003951495663475093,-0.005002057327673112,3.0,0.05
2022-09-28,2022Q3,2022-09,458,0.023719050062331437,0.025015479229570356,0.023383019200719952,0.026005847756774524,0.022908927122031575,0.02285250413607015,0.026055658792363438,3.0,0.05
2022-09-29,2022Q3,2022-09,458,-0.019321281495966788,-0.01798176340805193,-0.018961690384521925,-0.016233027569335107,-0.017980128013588805,-0.018221954822305125,-0.019467839203227207,3.0,0.05
2022-09-30,2022Q3,2022-09,458,-0.01189356640712812,-0.013655860827369286,-0.011431608883995525,-0.01501033322839422,-0.01106615770789253,-0.010826134114249635,-0.012383447159747875,3.0,0.05
2022-10-03,2022Q4,2022-10,461,0.028989221305652877,0.025245047013235156,0.029046793964419726,-0.010112405269793812,0.02821711378647508,0.028922877447966684,0.03739603576458579,3.0,0.01
2022-10-04,2022Q4,2022-10,461,0.03389196251741024,0.024672707595324188,0.033029527629103425,0.011918367610859952,0.02957492791384236,0.031106608335687416,0.032005973090191146,3.0,0.01
2022-10-05,2022Q4,2022-10,461,-0.00396828876175187,0.005253095124529377,-0.0039752781975877435,-0.006495128843643057,-0.005171203282986599,-0.0043202791244072915,0.0007732239217455982,3.0,0.01
2022-10-06,2022Q4,2022-10,461,-0.011736275735066363,-0.0038848205168760417,-0.011745253194110883,0.0004428022961082559,-0.01329608414857551,-0.012135479278155155,-0.006824004455477131,3.0,0.01
2022-10-07,2022Q4,2022-10,461,-0.02407951813215576,-0.014120594208055271,-0.02338091754378347,-0.016662834418024325,-0.022713889863489697,-0.022179569005541133,-0.010962609272071894,3.0,0.01
2022-10-10,2022Q4,2022-10,461,-0.006258919381392513,0.0031777519882694566,-0.005677473912692571,-0.012059466022294015,-0.004104957160604071,-0.0046614160726685325,-0.0031008718363103394,3.0,0.01
2022-10-11,2022Q4,2022-10,461,-0.004170665580116154,0.0022607921335616923,-0.0036734419081655457,-0.0027866844276652745,-0.002628348029515678,-0.002837163858998481,-0.006220474740875598,3.0,0.01
2022-10-12,2022Q4,2022-10,461,-0.005640973627327978,-0.002684192187431844,-0.005964059016827379,-0.0015744052573822274,-0.0069976895418983,-0.0069482153463501835,-0.0011603554959344863,3.0,0.01
2022-10-13,2022Q4,2022-10,461,0.024434178413778002,0.02297732420398671,0.024660495690352918,0.06413846490221103,0.024681842706697432,0.02464749273965995,0.030432054280164232,3.0,0.01
2022-10-14,2022Q4,2022-10,461,-0.022547931766276487,-0.023848774252765187,-0.022606632308785686,-0.01967102878631066,-0.02123513658806543,-0.02218419891454445,-0.0347322717352179,3.0,0.01
2022-10-17,2022Q4,2022-10,461,0.023179410486241316,0.015757768647812496,0.022715146218756865,0.01859193144912779,0.022523141853340374,0.021940933386595595,0.013895347540658739,3.0,0.01
2022-10-18,2022Q4,2022-10,461,0.014176637767788533,0.0066138689583436355,0.014089007046577897,0.002708258280056047,0.013552714275874657,0.014151057392798285,0.002587329475735748,3.0,0.01
2022-10-19,2022Q4,2022-10,461,-0.011064997903799275,-0.004945947804531136,-0.01061994879173951,-0.021570173888547057,-0.010916325416226315,-0.009859771445558628,0.007293594307817258,3.0,0.01
2022-10-20,2022Q4,2022-10,461,-0.010935500897211837,-0.007304058984172676,-0.011035712639634349,-0.006806648619648366,-0.011347612229391443,-0.011180250199114172,-0.0021639223539621734,3.0,0.01
2022-10-21,2022Q4,2022-10,461,0.023370223024150698,0.029203358964712912,0.02316479811341758,0.014935567116547841,0.021970698810374868,0.022400859423067368,0.02114455833710832,3.0,0.01
2022-10-24,2022Q4,2022-10,461,0.010646013205155853,0.019856296999854358,0.010736553158649083,0.020476225234595476,0.010301046130711958,0.010763538636949427,0.01475501089338082,3.0,0.01
2022-10-25,2022Q4,2022-10,461,0.02004062667490742,0.011106380661851385,0.019321701117756017,0.005516702265778396,0.018865656202674004,0.018141381471538646,0.011654016671759025,3.0,0.01
2022-10-26,2022Q4,2022-10,461,0.00099506466409674,0.008249748030946519,0.0012601093021559794,0.004891146354337067,0.001828152312386395,0.0016415961147967406,0.010572733522372653,3.0,0.01
2022-10-27,2022Q4,2022-10,461,0.00036037599977693487,0.0036927396418847025,0.0007976316380837241,0.008265873573692758,0.0017892319879861895,0.0017317940320073133,-0.004528253471532884,3.0,0.01
2022-10-28,2022Q4,2022-10,461,0.022160391830611127,0.014465138657485624,0.021830714267604627,0.02282157099126504,0.021311682368659893,0.0216454291884942,0.02329235178444006,3.0,0.01
2022-10-31,2022Q4,2022-10,461,-0.004527705750576893,0.0006017434526092958,-0.004216274332324828,0.0016597742570943353,-0.003565143344460518,-0.0038917449405503016,-0.004296073242712028,3.0,0.01
2022-11-01,2022Q4,2022-11,461,0.002035214867291924,-0.00785753801832419,0.002170050444954269,0.0028652679309754004,0.0021946001785842217,0.0019069627835575722,-0.0014228133984898557,3.0,0.01
2022-11-02,2022Q4,2022-11,461,-0.02400697987744254,-0.02901910228292719,-0.023460753275660023,-0.020545898610022734,-0.023026297333431117,-0.021932601818954196,-0.00838524027854242,3.0,0.01
2022-11-03,2022Q4,2022-11,461,-0.005112938976150763,0.01059775510335715,-0.004602346987413544,0.0002771089815491542,-0.003947914475030355,-0.004229823501821968,-0.00040503969435284085,3.0,0.01
2022-11-04,2022Q4,2022-11,461,0.01665227567044404,0.00030194436002726403,0.016121257758842208,0.01790550394283061,0.0152690969412091,0.01431164846992233,0.0005666483903624957,3.0,0.01
2022-11-07,2022Q4,2022-11,461,0.00785036957653782,0.010622416833859909,0.007704089989650869,0.001242072102357103,0.006811263622291212,0.007061254090162292,0.006519664646180274,3.0,0.01
2022-11-08,2022Q4,2022-11,461,0.005747906103152756,0.005486704744644296,0.005675163009509603,0.004036996438181579,0.005606373808716982,0.0056624192654808145,0.008702567404767875,3.0,0.01
2022-11-09,2022Q4,2022-11,461,-0.017585087755756623,-0.019117994415081847,-0.017470124320382266,-0.005335711709818328,-0.017231722267611597,-0.01618454048366029,-0.007659899227892656,3.0,0.01
2022-11-10,2022Q4,2022-11,461,0.05521537143817551,0.010927853445176175,0.052879733180599284,0.03611208219928622,0.05102423983666196,0.0479498597071129,0.009085549831639724,3.0,0.01
2022-11-11,2022Q4,2022-11,461,0.009389354209219183,-0.01715236962934514,0.00794335891902508,0.008460170107045962,0.006423051700821331,0.003335409836376968,-0.020572427266186036,3.0,0.01
2022-11-14,2022Q4,2022-11,461,-0.01133712396705126,0.0027811141364453085,-0.010865344466076184,-0.014751471985300713,-0.010318576166289154,-0.00938770601801794,-0.0007413943215366918,3.0,0.01
2022-11-15,2022Q4,2022-11,461,0.009533538215594231,-0.002313954620973321,0.009121489219711117,-0.034897415598823735,0.008769581660989921,0.008131257360652516,0.003532267956613669,3.0,0.01
2022-11-16,2022Q4,2022-11,461,-0.010223192264589853,0.00454331945975933,-0.009283899008312262,-0.014119845506949665,-0.008403350093411335,-0.006124523338858344,0.010276287937099634,3.0,0.01
2022-11-17,2022Q4,2022-11,461,-0.005985967440553817,0.0022146469506230493,-0.005585952690721094,0.005528898732655859,-0.005527196915107736,-0.004854168577206658,0.0031507328594459964,3.0,0.01
2022-11-18,2022Q4,2022-11,461,0.007782062444012021,0.004559527333714065,0.007944972496622453,0.006061422126758688,0.008335562349973602,0.00879227946239049,0.0104949320755338,3.0,0.01
2022-11-21,2022Q4,2022-11,461,-9.403692636485525e-05,0.0023002330068690206,0.0003155128052106501,0.004418727293767069,0.0006284641871017143,0.0017376560232834452,0.010267132740793486,3.0,0.01
2022-11-22,2022Q4,2022-11,461,0.012792018437263051,0.008439878110300532,0.012691819256201775,0.009386557727761355,0.012187103853850636,0.011651729525548323,0.012266168008753362,3.0,0.01
2022-11-23,2022Q4,2022-11,461,0.004601165780313528,-0.0010093086436637677,0.004227882432050087,-0.009765912719951045,0.004097518249975606,0.003684182226796803,-0.0011960576077497025,3.0,0.01
2022-11-25,2022Q4,2022-11,461,0.0026181026583449816,0.006121654019564531,0.002794233689411749,0.0013286964466812433,0.003148131746269253,0.003326708735282632,0.004851200314717122,3.0,0.01
2022-11-28,2022Q4,2022-11,461,-0.01667262329565492,-0.008542736225915473,-0.01639226648139061,-0.011250382308770695,-0.016191071724959566,-0.014835203744860003,-0.007129388473679612,3.0,0.01
2022-11-29,2022Q4,2022-11,461,0.0035024636319111475,2.7922256441845076e-05,0.0034388098290163704,0.004175182279911862,0.0036121315340351305,0.002615887120355648,-0.0006239655309500593,3.0,0.01
2022-11-30,2022Q4,2022-11,461,0.024918616684783793,0.016901796347822996,0.024271660844242655,0.02617312175274292,0.023704421274152086,0.02320831524307386,0.014159302344533194,3.0,0.01
2022-12-01,2022Q4,2022-12,461,0.0005588248742997593,-0.004412842948059734,0.00034659569059576254,-0.006023100184451709,0.0001925897322110442,0.00024327560346002044,-0.0035850955254301013,3.0,0.01
2022-12-02,2022Q4,2022-12,461,-0.0007274368067971544,0.008889790099040507,-0.00047574803056507555,0.01970648761964384,-0.00010983613389261196,0.00029737048232311475,0.0038990450769217544,3.0,0.01
2022-12-05,2022Q4,2022-12,461,-0.019111147084343166,-0.01893262980578035,-0.018951450383064436,-0.03579750254017208,-0.018880938744896155,-0.01735556243053442,-0.011635975468856865,3.0,0.01
2022-12-06,2022Q4,2022-12,461,-0.011287501820516872,-0.012835949675558645,-0.010936349198930185,-0.014881617928637332,-0.010738991950603516,-0.009873783669404088,-0.007130545772156157,3.0,0.01
2022-12-07,2022Q4,2022-12,461,-0.0014900460841928813,0.009147950539846766,-0.0012613645323121447,5.6579095045336796e-05,-0.0013862773254317852,-0.000603348754781045,0.00696266062128543,3.0,0.01
2022-12-08,2022Q4,2022-12,461,0.006567756100976094,0.004871625001674285,0.006217746121760246,-0.014227335051170232,0.005754118448464306,0.0054037400242669354,0.004873685689464676,3.0,0.01
2022-12-09,2022Q4,2022-12,461,-0.00719577164347282,-0.023592393620980555,-0.007453497610795756,-0.026204524592217816,-0.007327580337543068,-0.007854278268398157,-0.011899680336571865,3.0,0.01
2022-12-12,2022Q4,2022-12,461,0.014682510570459478,0.010820158126649309,0.014558094483212589,0.01413012491813517,0.014404678283514796,0.014078021674846487,0.010196982395971763,3.0,0.01
2022-12-13,2022Q4,2022-12,461,0.006824576955219353,-0.0023716163104979568,0.0065037911595556535,-0.0011978470823215065,0.005523680040808684,0.005193299626328866,-0.002019946107900887,3.0,0.01
2022-12-14,2022Q4,2022-12,461,-0.0067509593678713835,0.0008485808165963225,-0.006488138804541509,-0.0030928063416242285,-0.006384935360172533,-0.005528042796422426,0.0006786944760868434,3.0,0.01
2022-12-15,2022Q4,2022-12,461,-0.021992697163731652,-0.010319109561227327,-0.0212955271366463,-0.009082687801944758,-0.020765452452074687,-0.019447119126522916,-0.009953996443954052,3.0,0.01
2022-12-16,2022Q4,2022-12,461,-0.011115955773665562,-0.006322019932003289,-0.011051830854249517,0.0003578791422866401,-0.010934251101543693,-0.01058666013392965,-0.006938703712167682,3.0,0.01
2022-12-19,2022Q4,2022-12,461,-0.00901943975431248,-0.005468095197036294,-0.008563149064031599,-0.009097408515611352,-0.0083458760885596,-0.0073611482585469335,-0.0018747460327552567,3.0,0.01
2022-12-20,2022Q4,2022-12,461,0.0009803968769805005,0.002554906122893839,0.0010852447535860598,-0.0039780629513771785,0.0011438384975036122,0.0010029262614559245,0.0008253133293126707,3.0,0.01
2022-12-21,2022Q4,2022-12,461,0.014956265597104394,0.01852230205939871,0.014766515714183321,0.009164066172650642,0.014335255004392398,0.014037757933818586,0.010931725568974912,3.0,0.01
2022-12-22,2022Q4,2022-12,461,-0.010770904764732334,-0.010106884825987903,-0.010377790849400504,-0.01252247173900089,-0.010022722324611757,-0.009043620147685536,-0.0020004626251534235,3.0,0.01
2022-12-23,2022Q4,2022-12,461,0.006777043122010591,0.009302348240114569,0.006977090193654241,0.00463249761049191,0.007039625661712535,0.007131505616005452,0.005985525990424016,3.0,0.01
2022-12-27,2022Q4,2022-12,461,0.0005269452637135099,-0.007070223237980497,0.0007808858694907859,-0.025266316010446953,0.0010992926413585964,0.001503592402984128,0.002805347547583093,3.0,0.01
2022-12-28,2022Q4,2022-12,461,-0.013313493478535651,-0.011366586093787923,-0.01325469326609512,-0.00616297032875607,-0.013192197617510754,-0.012713603621152952,-0.009334326128346311,3.0,0.01
2022-12-29,2022Q4,2022-12,461,0.017665100061170183,0.004516054806968822,0.016832706877786437,0.0075782241605701255,0.016357947337241704,0.014832930329845334,0.005742018652942875,3.0,0.01
2022-12-30,2022Q4,2022-12,461,-0.004229174340751608,-0.0016227680927472737,-0.004238033307150906,-0.0013188901068439908,-0.004287321600907434,-0.00460110793559315,-0.0011803373674010805,3.0,0.01
2023-01-03,2023Q1,2023-01,465,-0.0010076915850729775,-0.012395869698360217,-0.0013690955568215115,-0.007390566830469986,-0.0009580249421538307,-0.0005597796792402572,-0.002946383109354487,3.0,0.01
2023-01-04,2023Q1,2023-01,465,0.015138197013977563,-0.0009543844122410749,0.014049846366796005,0.004487165606412563,0.01435505604595671,0.013192706173186524,0.006238039096488077,3.0,0.01
2023-01-05,2023Q1,2023-01,465,-0.010394185053166614,0.001993197879790136,-0.010238190297316273,0.013663294041239529,-0.010250753220217115,-0.010053926073918888,-0.002351045063443699,3.0,0.01
2023-01-06,2023Q1,2023-01,465,0.024344071932732574,0.019282418155678903,0.0240269757101352,0.024826471772788898,0.023902105866646206,0.023406612652803388,0.019843877224341125,3.0,0.01
2023-01-09,2023Q1,2023-01,465,0.0001964432088787365,-0.018926153700459653,-0.0006187328758721718,-0.02341403485414417,-0.0005576246267566714,-0.0017808896724083414,-0.012355625289549576,3.0,0.01
2023-01-10,2023Q1,2023-01,465,0.0074467240005762205,0.007916506637071252,0.006981540045399828,0.014720641486321052,0.007062563535963703,0.00682359715409057,0.003588396631064827,3.0,0.01
2023-01-11,2023Q1,2023-01,465,0.01196158193920115,0.006297490615142603,0.011520837693677975,0.000607783195240523,0.011528593372293072,0.010675522566766071,0.00489447617877586,3.0,0.01
2023-01-12,2023Q1,2023-01,465,0.003627260164405877,-0.0009785814674657311,0.003130330633223512,0.006045288178635442,0.003136341604655491,0.002785829307405745,-0.004371084579473201,3.0,0.01
2023-01-13,2023Q1,2023-01,465,0.0022411690687808086,0.003750110808329537,0.0021179410885257743,0.002018254204128006,0.0021031910343690756,0.0023611440620058205,0.0016353546431958558,3.0,0.01
2023-01-17,2023Q1,2023-01,465,-0.0018781777406550806,-0.005627601970296552,-0.0021857886073788175,-0.007703958196709459,-0.002029429341961577,-0.0023812692901589326,-0.0045906256557740315,3.0,0.01
2023-01-18,2023Q1,2023-01,465,-0.015403481420736418,-0.016448949328119265,-0.01563131541801578,-0.019928460925493868,-0.01564460966652462,-0.015876569582001406,-0.0205923781718671,3.0,0.01
2023-01-19,2023Q1,2023-01,465,-0.010216869049576048,-0.003155861746055445,-0.009722782544896166,-0.009228651405163974,-0.009204052618865146,-0.009260914417111476,-0.0018970737726544493,3.0,0.01
2023-01-20,2023Q1,2023-01,465,0.017263767919497956,0.0014610890217336503,0.01632649170600733,0.003066558512667294,0.015590248887092635,0.015232987651866075,0.007255522439399099,3.0,0.01
2023-01-23,2023Q1,2023-01,465,0.011644105872682053,-0.00018037914841786485,0.010685422249458048,0.007138119126417333,0.010727262571751243,0.009697536556687446,0.001224693888557193,3.0,0.01
2023-01-24,2023Q1,2023-01,465,-0.001424061862541032,0.007656382257675386,-0.0011294239218095734,-0.0032290262572474515,-0.0010273631176871054,-0.0004936691487780789,-0.0008386165004016825,3.0,0.01
2023-01-25,2023Q1,2023-01,465,0.0017736216079103817,0.002074470867851733,0.00174462395542311,0.0016849133336311567,0.0017593993920941523,0.001989890872810208,0.0020567958584207205,3.0,0.01
2023-01-26,2023Q1,2023-01,465,0.008291322884329225,0.008461161291333948,0.007998128548332461,-0.003202892082534039,0.007806609027351424,0.007568594040915234,-1.820787551875386e-05,3.0,0.01
2023-01-27,2023Q1,2023-01,465,0.0012770266787239133,-0.008915855971267915,0.0007400505850165184,-0.0025421067238348156,0.0006402775672900714,2.4356939444814376e-05,-0.006753805949676612,3.0,0.01
2023-01-30,2023Q1,2023-01,465,-0.009712247878436536,-0.004545278877622157,-0.00920403849460855,-0.0012209034345906375,-0.00902314854572485,-0.00857729628596934,-0.0038854159702970213,3.0,0.01
2023-01-31,2023Q1,2023-01,465,0.01658363882556587,0.007766486776430579,0.01613522596037241,0.013805698313576729,0.01617268206516003,0.015758691277315155,0.010817298548326797,3.0,0.01
2023-02-01,2023Q1,2023-02,465,0.010217641295293865,-0.005574062024600929,0.009037214068743114,-0.002649269050479816,0.009160803840887508,0.008351584560925086,0.0012095330377974729,3.0,0.01
2023-02-02,2023Q1,2023-02,465,0.009871991200906769,-0.017538340579394615,0.008122436790924543,-0.03273819374086416,0.007228127838007144,0.00525447902452854,-0.00519812936459262,3.0,0.01
2023-02-03,2023Q1,2023-02,465,-0.011065043214773662,0.005122144734908731,-0.010439362327466319,0.004999570922802827,-0.009975363072691274,-0.00913295054429842,-0.0030473958232307783,3.0,0.01
2023-02-06,2023Q1,2023-02,465,-0.007135004526853847,0.0030102250705444427,-0.0065104615630661115,0.011824233978111217,-0.00623887915145922,-0.005812800658449151,0.004037800804542726,3.0,0.01
2023-02-07,2023Q1,2023-02,465,0.009065526233198241,0.007430727359192938,0.008585438443632484,0.005407969128080964,0.008622323825023197,0.008285595218107358,0.003968175868558381,3.0,0.01
2023-02-08,2023Q1,2023-02,465,-0.009204916244689599,-0.003827877515781046,-0.008690218107081385,0.0008180800811193837,-0.008773430421096025,-0.00831252525308943,-0.004906292909629812,3.0,0.01
2023-02-09,2023Q1,2023-02,465,-0.008351231743471093,-0.0012978124955550308,-0.008286339443328898,-0.002112025749456351,-0.008239910103332483,-0.008041577186522184,-0.003863453032826453,3.0,0.01
2023-02-10,2023Q1,2023-02,465,0.003716098990267641,0.01997022732387471,0.0048456790299343695,0.016093187464131086,0.004294788970296197,0.005017074453573095,0.017348621783610782,3.0,0.01
2023-02-13,2023Q1,2023-02,465,0.010724464041232139,0.006566789456685484,0.010241291569659295,0.010483520674816168,0.010526816861894533,0.01027815671404762,0.008786846088132596,3.0,0.01
2023-02-14,2023Q1,2023-02,465,-0.0020579036622282096,-0.005939412332717532,-0.002576151358905236,-0.006157889509206559,-0.0024686249449929224,-0.003011437561569264,5.290659357804709e-07,3.0,0.01
2023-02-15,2023Q1,2023-02,465,0.00456464804262819,-0.008820406711922135,0.004083673821358153,0.004419578432798737,0.004450038799568161,0.004283973685728935,-0.00016809655147859018,3.0,0.01
2023-02-16,2023Q1,2023-02,465,-0.0104228140371492,-0.011247765870176663,-0.009891070292070049,-0.012356442067489624,-0.010134897418569683,-0.009666311183321171,-0.012528964248147898,3.0,0.01
2023-02-17,2023Q1,2023-02,465,-0.0015281227929422663,0.0010177168705403795,-0.001103504620734387,0.01604380791945185,-0.000954169126330541,-0.00016354548092911334,0.01307913616972982,3.0,0.01
2023-02-21,2023Q1,2023-02,465,-0.020774366548047374,-0.005311319974853601,-0.019934469144080223,9.085906808263071e-05,-0.020240042479204887,-0.019280484691100663,-0.004889898604713666,3.0,0.01
2023-02-22,2023Q1,2023-02,465,-0.001731341033002912,-0.003644464846724549,-0.0018183779081985658,0.00206485348354895,-0.0017638163725870993,-0.0019625899556924326,-0.0005947751831369232,3.0,0.01
2023-02-23,2023Q1,2023-02,465,0.0033519993443538437,0.0006823898151292669,0.0031843843578561785,0.005873890598080241,0.0030166696835538537,0.002693694096393264,0.0019346675374818812,3.0,0.01
2023-02-24,2023Q1,2023-02,465,-0.0082989720285369,-0.011400957314723056,-0.007748764966451709,-0.0031568835992226256,-0.008036024785510871,-0.007547519685122746,-0.00542699086813222,3.0,0.01
2023-02-27,2023Q1,2023-02,465,0.0012117546368560282,-0.001978654824262694,0.0009455079552133643,0.002131207638851165,0.0009784470341498658,0.000785831357976916,-0.00039227215845741227,3.0,0.01
2023-02-28,2023Q1,2023-02,465,-0.00272963529908249,-0.010673904179449648,-0.0030967526796338834,-0.011512025887655425,-0.0029684875142375654,-0.0029299745150833745,-0.0039090373401886045,3.0,0.01
2023-03-01,2023Q1,2023-03,465,-0.002647057919457193,0.003592409200304116,-0.002557850471221137,0.026622101262740294,-0.0027389062529016763,-0.002657231308670685,-0.0024293326227878423,3.0,0.01
2023-03-02,2023Q1,2023-03,465,0.008097144628839963,0.0055563436091991564,0.008095044386809719,0.006556112478015458,0.007820238395793423,0.00806793396386496,0.007394184179081231,3.0,0.01
2023-03-03,2023Q1,2023-03,465,0.013244549383789356,0.012690440980476211,0.01280836499802664,0.007319210888444247,0.012581644465757573,0.01265477034478743,0.012216099133451567,3.0,0.01
2023-03-06,2023Q1,2023-03,465,-0.00414704016000306,0.005170239762641462,-0.003832950079625254,0.011709253230067763,-0.00381068817544391,-0.00355027329746922,0.002991731147351959,3.0,0.01
2023-03-07,2023Q1,2023-03,465,-0.016025183096690866,-0.015513704798942412,-0.01597430966662383,-0.006518908763036298,-0.015949249307459418,-0.015750877639735567,-0.012841116988031729,3.0,0.01
2023-03-08,2023Q1,2023-03,465,0.0025146256588305126,-0.0029925001857706163,0.0022215769822603315,-0.007997859822469216,0.0015146413141122555,0.0023004100402481305,-0.0019229301022555825,3.0,0.01
2023-03-09,2023Q1,2023-03,465,-0.019923077010684707,-0.006777265436376065,-0.019366067875660628,-0.011438894901579824,-0.019620068569655515,-0.01882742263317804,-0.014417260020909262,3.0,0.01
2023-03-10,2023Q1,2023-03,465,-0.019894316581432515,-0.004432716293229243,-0.0193641285585918,-0.00415986302867235,-0.01920814751809998,-0.01859048207100001,-0.015384801356887318,3.0,0.01
2023-03-13,2023Q1,2023-03,465,-0.008597857375411666,0.005583089234899167,-0.008094567279665548,-0.013520542320719734,-0.008758689146451788,-0.007437333962550457,-0.026400292347909415,3.0,0.01
2023-03-14,2023Q1,2023-03,465,0.013372753191249314,0.009270662948562932,0.01306902268149759,0.017338315159066208,0.012665630710037023,0.01316645207890453,0.016936055586826093,3.0,0.01
2023-03-15,2023Q1,2023-03,465,-0.014601881389840197,-0.008763896707819015,-0.014472879876678595,-0.005052216905746814,-0.015077096049837074,-0.012826739866393894,-0.021609253296235066,3.0,0.01
2023-03-16,2023Q1,2023-03,465,0.013669725157039136,0.004045388880101529,0.013171809193038347,0.005613801242468016,0.012712722211092002,0.01263533393851314,0.020374636348780378,3.0,0.01
2023-03-17,2023Q1,2023-03,465,-0.01660932188630384,-0.014832179355405727,-0.016529672299801755,-0.02702675584051749,-0.016372325786273293,-0.01624992499068574,-0.01655335768764072,3.0,0.01
2023-03-20,2023Q1,2023-03,465,0.013100184056883358,0.018025441015286074,0.013465357262898308,0.01953848488563416,0.013802728982840093,0.013691805007481746,0.013362538841543944,3.0,0.01
2023-03-21,2023Q1,2023-03,465,0.012753225977725083,0.005564472473358178,0.012080538350171796,0.0033367026048845005,0.01216510190511852,0.010487517347781472,0.015592123387182064,3.0,0.01
2023-03-22,2023Q1,2023-03,465,-0.021849624604055914,-0.013166197356231809,-0.021600225004397067,-0.012531807567449812,-0.02164889666972387,-0.021084054398277666,-0.021732589381597105,3.0,0.01
2023-03-23,2023Q1,2023-03,465,-0.0032559197120019673,-0.0019059632415886819,-0.0037061400859218115,0.0027041612685451055,-0.004577243414807636,-0.00362142445781169,-0.002790801879337623,3.0,0.01
2023-03-24,2023Q1,2023-03,465,0.008212022188130733,0.011795612830750504,0.008811178514157872,0.009526971985206563,0.009189949877458895,0.009820405578585855,0.005228299342895489,3.0,0.01
2023-03-27,2023Q1,2023-03,465,0.006713627661354258,0.0072611249951613785,0.006998248759259891,0.009803458405144409,0.007422792780719232,0.007085492570626257,0.01219247995471601,3.0,0.01
2023-03-28,2023Q1,2023-03,465,0.0020854884785877848,0.007961306820297382,0.002219182535770286,-0.005179300997074627,0.0021889457847832595,0.0021259793409855,0.0032228669990490236,3.0,0.01
2023-03-29,2023Q1,2023-03,465,0.015104426354332984,0.006223264651688349,0.014527738114880638,0.003822360714709561,0.014527642508747468,0.013901142538227133,0.008266254808413863,3.0,0.01
2023-03-30,2023Q1,2023-03,465,0.004787270566389815,0.00427330479928607,0.004595055688916387,0.0022675777372054284,0.004584740251405477,0.004493279548883915,0.003127386654546456,3.0,0.01
2023-03-31,2023Q1,2023-03,465,0.014925070035297288,0.009144894731484856,0.014591080680931505,0.008074136294836772,0.014546665182001824,0.014351107155547584,0.008517960607590762,3.0,0.01
2023-04-03,2023Q2,2023-04,467,0.001033172202973909,0.009310212072180146,0.0016309320762312384,-0.049942641699782304,0.002415841556436495,0.001406494248973475,0.0011123487927706948,3.0,2.0
2023-04-04,2023Q2,2023-04,467,-0.010321362853663514,-0.010472424905360319,-0.009918400150765744,-0.011074258911660778,-0.00961509175880959,-0.009482733959941973,-0.010197311742064353,3.0,2.0
2023-04-05,2023Q2,2023-04,467,-0.001611267853524533,0.015259843957863947,-0.0007606346571403624,-0.03195837420135503,0.0007521040831244434,-0.0005559352661255191,-0.0015460210080087168,3.0,2.0
2023-04-06,2023Q2,2023-04,467,0.0007507286842039773,-0.001189352944336251,0.0006371131093487121,0.002849188788949876,0.0006074655643454559,0.00072589649133342,0.0007693571346212337,3.0,2.0
2023-04-10,2023Q2,2023-04,467,0.006389979271945177,0.006067483447543598,0.006062034412262843,0.001590872590380922,0.005643883089084431,0.006030385521313048,0.006273945678814405,3.0,2.0
2023-04-11,2023Q2,2023-04,467,0.006329229074155569,-0.002389239784127804,0.006092202876301504,-0.009108827924420453,0.006087401376698885,0.0055574449653309765,0.006283056098870686,3.0,2.0
2023-04-12,2023Q2,2023-04,467,-0.004720922797694414,-0.00037373644910376844,-0.004142984323528855,-0.026646270538237427,-0.003276733951898598,-0.004022914598437505,-0.004634224122458789,3.0,2.0
2023-04-13,2023Q2,2023-04,467,0.00788217820915313,0.005850732764687907,0.007591708773882624,0.03399616803136648,0.006741338980101553,0.007388291995913915,0.007827143552511982,3.0,2.0
2023-04-14,2023Q2,2023-04,467,-0.004135077793735584,-0.0047716521056908896,-0.004202069642398932,0.004566882001858244,-0.004528969533009649,-0.0039126240056046755,-0.004157324939962357,3.0,2.0
2023-04-17,2023Q2,2023-04,467,0.006766708460740395,0.003592576668917656,0.006517497416646537,0.007045777092103941,0.007073892813222793,0.006135729464086678,0.00675090838338277,3.0,2.0
2023-04-18,2023Q2,2023-04,467,0.0006956400514695215,-0.0017879985731018271,0.0006434053212643912,0.010637181160437626,0.000702504148683327,0.001122779041491071,0.0006790240033426003,3.0,2.0
2023-04-19,2023Q2,2023-04,467,-0.00016661167312542697,-0.008444228683903333,-0.00025383428319935864,-0.004130845001725405,0.00039585746719632644,-0.0008622261167273604,-0.00015112738602696043,3.0,2.0
2023-04-20,2023Q2,2023-04,467,-0.0053054566235816916,0.0034643228455200326,-0.004820984211248884,0.012143592901951324,-0.004071555233852441,-0.003975604215882639,-0.005205759297876514,3.0,2.0
2023-04-21,2023Q2,2023-04,467,-0.0003772804938761421,0.0029022770332615415,-0.00028341362449012963,0.014138506888712245,-0.0001427629702437639,0.0004525968480884459,-0.00037846398342861274,3.0,2.0
2023-04-24,2023Q2,2023-04,467,0.002028709148034796,0.002334745901663145,0.0022254330241082932,0.013596883240365282,0.0024786927587941926,0.002456008832964697,0.0020533491160876893,3.0,2.0
2023-04-25,2023Q2,2023-04,467,-0.016691009465873437,-0.001395569294344165,-0.015868683745754827,-0.02510789495016975,-0.013797914901418788,-0.014551477100456314,-0.016518869911863195,3.0,2.0
2023-04-26,2023Q2,2023-04,467,-0.009414065088368652,-0.013954239793747518,-0.009670680106534072,-0.02210277040279778,-0.010631123568921158,-0.009451674595165289,-0.009424637158189407,3.0,2.0
2023-04-27,2023Q2,2023-04,467,0.016466209259169376,0.014669379545268126,0.01611692362837374,0.027309440969111094,0.015755962253742463,0.015350952994009293,0.01633209063021266,3.0,2.0
2023-04-28,2023Q2,2023-04,467,0.011080925016584708,-0.0018281762470829183,0.010483237176934545,0.03345810413975018,0.009759425717896671,0.010122230380165818,0.010977931919891859,3.0,2.0
2023-05-01,2023Q2,2023-05,467,-0.00011234221564013336,0.0066950237895018454,0.00017947608969690474,0.004724718422366084,0.0005940237975432338,0.0012468591624500516,-0.00010175925534816924,3.0,2.0
2023-05-02,2023Q2,2023-05,467,-0.014491224622781315,-0.017982627204441076,-0.014239132566239664,-0.019284563252304737,-0.01334091773728947,-0.012783139206800808,-0.014447244687030604,3.0,2.0
2023-05-03,2023Q2,2023-05,467,-0.006183680478148509,-0.005894879892354127,-0.006221636557945606,-0.02392422867260273,-0.006978737816356142,-0.006464212272055356,-0.006181335569304447,3.0,2.0
2023-05-04,2023Q2,2023-05,467,-0.008359000564766825,-0.008885416814717072,-0.008019977206432664,0.0016453979058838617,-0.00860080703434593,-0.00767064738130086,-0.008244308957117386,3.0,2.0
2023-05-05,2023Q2,2023-05,467,0.017865159667572628,0.011040895212040491,0.017317371847280306,0.03438613015253465,0.017376864342361065,0.016969451592639413,0.01782724791548248,3.0,2.0
2023-05-08,2023Q2,2023-05,467,-0.001683011081941581,0.004228824083866292,-0.0018424346238154362,0.013519319985354081,-0.002019436118332968,-0.000821250919382906,-0.0017274209209699439,3.0,2.0
2023-05-09,2023Q2,2023-05,467,-0.003764114383042458,0.0047564256370338474,-0.00352850995771249,-0.009936138255430806,-0.0031406183446938455,-0.003047426852497738,-0.003753947486008916,3.0,2.0
2023-05-10,2023Q2,2023-05,467,2.418029393820944e-06,0.006180679822925486,0.00018205810687234737,-0.0011472623065351673,0.0002459821946585413,0.0004083837340126588,3.253961716487503e-05,3.0,2.0
2023-05-11,2023Q2,2023-05,467,-0.005159413953385459,-0.0025574875293453347,-0.004987960921249852,-0.006053071173518783,-0.005192207545891091,-0.004740660675563637,-0.005166459922557389,3.0,2.0
2023-05-12,2023Q2,2023-05,467,0.00043404304577395706,0.018871815978450713,0.0008257540198363122,-0.019610290633760435,0.0013173398261363926,0.0004201090720009629,0.0005127564941423321,3.0,2.0
2023-05-15,2023Q2,2023-05,467,0.00589513512033761,-0.007933295995680259,0.005047225674513021,-0.004166950585539032,0.003652703285685197,0.004327062941789433,0.005797176570135869,3.0,2.0
2023-05-16,2023Q2,2023-05,467,-0.014160149315456002,-0.010971068206337007,-0.014093253347226473,-0.003862702223315795,-0.01425278896054121,-0.013472798499137245,-0.014126911633524286,3.0,2.0
2023-05-17,2023Q2,2023-05,467,0.013258556724958268,0.0036575012577534354,0.0123153827630395,0.03746898094860136,0.01080741428089121,0.011349599400358169,0.013052632101710319,3.0,2.0
2023-05-18,2023Q2,2023-05,467,0.0076614612960863495,7.629335638313449e-05,0.007090768109416112,0.01967850059838873,0.006722318371135062,0.006741510571119413,0.007511384151961679,3.0,2.0
2023-05-19,2023Q2,2023-05,467,-0.002688186186103982,0.0012968336922604383,-0.0022752730224787215,-0.0070025985982426105,-0.0018572367003250392,-0.0019320944754579032,-0.0026379886764819546,3.0,2.0
2023-05-22,2023Q2,2023-05,467,0.0018638846724783214,-0.0069910007154512024,0.0013751434370531752,0.0029970124068349176,0.0006355462648845794,-0.00043386462368422184,0.0017621470614258671,3.0,2.0
2023-05-23,2023Q2,2023-05,467,-0.010438808594939628,-0.009472235738003237,-0.010326812607860909,-0.009549082136547274,-0.010953146931149325,-0.011748339390327711,-0.010420325142728566,3.0,2.0
2023-05-24,2023Q2,2023-05,467,-0.011410007990839334,0.00010327028719943755,-0.010985568620998436,-0.004742196052069132,-0.010250463504220823,-0.009742313846082734,-0.011374718252449775,3.0,2.0
2023-05-25,2023Q2,2023-05,467,-0.000272841903813037,-0.0010136735459368358,-0.0007864818205444696,0.00020433373571775615,0.00026074677693391885,-0.0010963078567529244,-0.00030277682551468085,3.0,2.0
2023-05-26,2023Q2,2023-05,467,0.008073664882810434,-0.003232948564522941,0.007365054157348645,0.015671702083292716,0.007043090751424712,0.006003253993995531,0.007923573653838247,3.0,2.0
2023-05-30,2023Q2,2023-05,467,-0.0019883674551730624,-0.004257359480288001,-0.002314950711205328,-0.011171472809746097,-0.002609074965626219,-0.002942074946083146,-0.0020537321020004822,3.0,2.0
2023-05-31,2023Q2,2023-05,467,-0.00863157844206481,0.0009011870074473136,-0.00807366285523986,-0.006297099530651729,-0.007365858351087273,-0.006582946904764897,-0.00847670823419607,3.0,2.0
2023-06-01,2023Q2,2023-06,467,0.007634807605733037,0.0037816427300173885,0.007184509878647672,0.039771093234402796,0.007409940166917021,0.0065712198012841515,0.007520832713570653,3.0,2.0
2023-06-02,2023Q2,2023-06,467,0.022121055468052726,0.009669953539319143,0.021694508255048615,0.03541596764192517,0.02113432016597413,0.020899768700572956,0.02216662163221845,3.0,2.0
2023-06-05,2023Q2,2023-06,467,-0.0038508541445798857,-0.001547225006820647,-0.003603394235023577,-6.949208654543741e-06,-0.003247981819896488,-0.003002936323766384,-0.0038274934784087067,3.0,2.0
2023-06-06,2023Q2,2023-06,467,0.006840159287618865,-0.013059520506599972,0.006012212908274422,0.002050892735886203,0.005564761564986649,0.00462943628677348,0.006753663945166157,3.0,2.0
2023-06-07,2023Q2,2023-06,467,0.007796884407245588,-0.0015681895795661104,0.007570874159769478,-0.013429020844241095,0.006598963796882997,0.0064606228785822895,0.007741125704381003,3.0,2.0
2023-06-08,2023Q2,2023-06,467,0.0007398083203705101,0.008148424493751812,0.0009409949856022592,0.009328913269220326,0.001086605998582834,0.0018454586666247937,0.000754691628653867,3.0,2.0
2023-06-09,2023Q2,2023-06,467,-0.001502276031811797,0.0029007025196537933,-0.001548854423106281,-0.003133190761749333,-0.001328731649483596,-0.0009950088040605342,-0.0014999288007494888,3.0,2.0
2023-06-12,2023Q2,2023-06,467,0.006512917720884591,0.0014105446892762566,0.006052561791152343,-0.0035290732858784123,0.005965534296876563,0.006423006228417739,0.006390405214427414,3.0,2.0
2023-06-13,2023Q2,2023-06,467,0.009907870060421018,0.00414786839939775,0.009426909338723748,0.008188223972500581,0.009192736296073492,0.009118871801603371,0.009814693650811238,3.0,2.0
2023-06-14,2023Q2,2023-06,467,-0.002020133258956992,-0.0020059081018938764,-0.0020853083965388587,0.009729816767740533,-0.001799477381885879,-0.001637086527510824,-0.002021292176894776,3.0,2.0
2023-06-15,2023Q2,2023-06,467,0.011806648077117874,0.007199062640321736,0.01184952080486566,0.017650092375405622,0.011633198647983959,0.011456509754087945,0.011827097067889597,3.0,2.0
2023-06-16,2023Q2,2023-06,467,-0.001017249865130594,-0.0033450378326479995,-0.0007445924480660328,-0.001821588395508001,-0.0005479256414750691,-0.00028433105374256213,-0.0009475644887004158,3.0,2.0
2023-06-20,2023Q2,2023-06,467,-0.008888566648096605,-0.006546108187282193,-0.00897321580477379,0.007136510977600996,-0.008947340854959535,-0.00840446921091197,-0.008908022032806159,3.0,2.0
2023-06-21,2023Q2,2023-06,467,-0.00048199527038592386,0.0018352269466556598,-5.345571051405102e-05,-0.0015737904401718194,8.556259675058587e-06,0.0006724056229770226,-0.0004590621899746217,3.0,2.0
2023-06-22,2023Q2,2023-06,467,-0.003927180102802335,0.0068701464706391055,-0.0037348376488755782,0.004408933109904963,-0.0035377057531812296,-0.002717105506869195,-0.0038681745279761535,3.0,2.0
2023-06-23,2023Q2,2023-06,467,-0.008157103491899784,-0.0034095861369442433,-0.008193761664303825,0.002085389613307923,-0.00829233147796762,-0.008149847551475329,-0.008174721715408412,3.0,2.0
2023-06-26,2023Q2,2023-06,467,0.005902376499514103,-0.0025353248630258377,0.005943313586104334,-0.01647693826571177,0.005546009927695256,0.0050278001949004125,0.00594779978085906,3.0,2.0
2023-06-27,2023Q2,2023-06,467,0.01230583713946188,0.0073443467266532635,0.011540178616040328,0.022830636175818812,0.011442310324251616,0.011609697271412448,0.012142548940773136,3.0,2.0
2023-06-28,2023Q2,2023-06,467,-0.0019491536885897355,-0.012041655714085959,-0.0023669890912251658,-0.005772964609007438,-0.002402395230400438,-0.002700479726910016,-0.002055330464496302,3.0,2.0
2023-06-29,2023Q2,2023-06,467,0.0077551928917034725,0.0054933036924662134,0.007802815502396189,-0.0071198975977519495,0.007862432331043823,0.007532049007733998,0.007758439955087829,3.0,2.0
2023-06-30,2023Q2,2023-06,467,0.009367340395233976,0.009902909482865012,0.009289947557580855,0.016922227771349243,0.009441309904497163,0.009858600109771045,0.009386398714925779,3.0,2.0
2023-07-03,2023Q3,2023-07,469,0.0030664843514052577,-0.007753939137006566,0.0029701017482738085,-0.012861516909621267,0.0029379598260379255,0.0030140373168561913,-0.00014338640853224288,3.0,0.01
2023-07-05,2023Q3,2023-07,469,-0.00458659750685113,-0.004086870875686463,-0.004504844847569486,-0.008009695011039538,-0.004309875239818292,-0.0044458028143327935,-0.003587518347296939,3.0,0.01
2023-07-06,2023Q3,2023-07,469,-0.007971771327673152,-0.009708734163439254,-0.00792229458074344,-0.005186132876521516,-0.007970868583123437,-0.007889246435696062,-0.01030520604978413,3.0,0.01
2023-07-07,2023Q3,2023-07,469,0.001990516427774033,-0.004846314021050281,0.0018451421093359588,0.0038036086360205912,0.0012421313291349197,0.0017631094271659958,-0.0021051266534082304,3.0,0.01
2023-07-10,2023Q3,2023-07,469,0.008428350942256385,0.0029035800533135513,0.008289701217653857,0.026544882109242034,0.008431602713589163,0.008193044258276723,0.0008230755090824075,3.0,0.01
2023-07-11,2023Q3,2023-07,469,0.010396860010809354,-0.004741783661495218,0.01032187341076812,0.009365866532529058,0.010012030608765998,0.010299041591602725,0.007575024462007776,3.0,0.01
2023-07-12,2023Q3,2023-07,469,0.004624250626870803,-0.005563256830257858,0.004536501986458529,0.003319861075398513,0.004601399852477663,0.004466722020814893,-0.0005860057013162207,3.0,0.01
2023-07-13,2023Q3,2023-07,469,0.005057459334677333,-0.00268802520604438,0.004965893273532005,0.0008316094094959958,0.005082951006625895,0.004958264667735486,1.310208510271876e-05,3.0,0.01
2023-07-14,2023Q3,2023-07,469,-0.005555422799682172,0.003953910010001449,-0.005384674017401073,-0.0049565941298380526,-0.00498339646764542,-0.0053867057705414105,-0.007176696484749317,3.0,0.01
2023-07-17,2023Q3,2023-07,469,0.001890384496567474,0.007886917469904522,0.0018363296670508926,0.013740367378243372,0.0019548462954680802,0.0017986533059030805,-0.005359189190157425,3.0,0.01
2023-07-18,2023Q3,2023-07,469,0.005904143225720283,0.0002005191153095499,0.005769940504798896,0.017061878667241334,0.005303580135548684,0.005775917780057802,0.0032534983955984672,3.0,0.01
2023-07-19,2023Q3,2023-07,469,0.004900409306869295,0.0030868421086367817,0.00485961575475569,-0.006653662905438245,0.0048185834540623316,0.00491059815059419,0.0032710378091503887,3.0,0.01
2023-07-20,2023Q3,2023-07,469,-0.0003413517146570486,0.015556344109043108,-8.246075642724465e-05,-0.020974087945883787,-0.000660788233435528,-3.576106590849864e-05,0.011670729123230049,3.0,0.01
2023-07-21,2023Q3,2023-07,469,0.0019395999538506469,-0.0005619622965839597,0.002010728933477708,-0.009594665763638361,0.0023029961727007255,0.0020179810400998283,0.00023454665408363922,3.0,0.01
2023-07-24,2023Q3,2023-07,469,0.0022957422290679048,-0.0028617197399310153,0.002273188573996788,4.9884247816468774e-05,0.0020353502691274512,0.0022811439384250428,3.854039579973329e-05,3.0,0.01
2023-07-25,2023Q3,2023-07,469,0.0009757011695928992,-0.004553055233882999,0.0010374425734078255,0.001556516204420687,0.001298615876609571,0.0009726429760335713,0.006272357110241487,3.0,0.01
2023-07-26,2023Q3,2023-07,469,0.001709492092710835,-0.010027112900361276,0.0015997752334732571,-0.002823972904038248,0.001853363888591278,0.0016453310891792671,-0.0014023884456602314,3.0,0.01
2023-07-27,2023Q3,2023-07,469,-0.008488072342813732,-0.007116582438548967,-0.008557421458074596,0.012948187858562422,-0.008396040474701853,-0.008595636958247742,-0.014253682180790244,3.0,0.01
2023-07-28,2023Q3,2023-07,469,0.005178055622640497,0.003329757865773544,0.005084726944634322,0.03336323361027413,0.005276996810937726,0.005058140698847585,0.00855246604250733,3.0,0.01
2023-07-31,2023Q3,2023-07,469,0.0028397562076362326,-0.00020775513832981137,0.0027557559672623045,0.0012222790740020915,0.002356910070435819,0.0027639530435332633,0.0026131391070156962,3.0,0.01
2023-08-01,2023Q3,2023-08,469,-0.00331708992673011,-0.001904032744402765,-0.003258175683306286,-0.006690730132507942,-0.0032385459188768017,-0.0032900609131618084,-0.0035282064851514493,3.0,0.01
2023-08-02,2023Q3,2023-08,469,-0.009211946456670294,0.0036488806052600376,-0.008971591863009193,-0.014740097566232003,-0.00926974460933784,-0.008971953929635196,-0.0029475323264976303,3.0,0.01
2023-08-03,2023Q3,2023-08,469,-0.004420726142919327,0.016055204668258855,-0.004387264794068304,0.018084504522617038,-0.00486012391535405,-0.0044215197305463695,-0.005811058574797086,3.0,0.01
2023-08-04,2023Q3,2023-08,469,-0.004978133456121265,-0.014765102003942248,-0.005052820073836683,-0.018799817880414835,-0.005195118506982893,-0.0050861853742309605,-0.003792200839524936,3.0,0.01
2023-08-07,2023Q3,2023-08,469,0.008607447333542503,0.006771557525939309,0.008588501567815198,-0.009493435973819039,0.008608381679330746,0.008584026260834529,0.004926017561780826,3.0,0.01
2023-08-08,2023Q3,2023-08,469,-0.005131832659001739,0.023637162526184776,-0.005085435053566491,-0.022840714597845146,-0.005384677630625033,-0.005071230898362636,-0.001411648216154995,3.0,0.01
2023-08-09,2023Q3,2023-08,469,-0.0020831190228758566,0.006252770431189036,-0.0019282951105405821,-0.02909816790599882,-0.002105175254808575,-0.0019099283806998392,0.0029978888981345682,3.0,0.01
2023-08-10,2023Q3,2023-08,469,-0.0012769823473393117,0.0014874045978851163,-0.0013068480741719288,0.013885887304935174,-0.001392636856199767,-0.001294148956191696,-0.0017850375642804437,3.0,0.01
2023-08-11,2023Q3,2023-08,469,0.00040335708273672277,0.010512031167366591,0.0005291337399701581,-0.010701929517807759,0.0006801539067766663,0.0005679056115770107,0.005404011471709494,3.0,0.01
2023-08-14,2023Q3,2023-08,469,0.00010269880582574264,0.006249656351368416,8.20687988761881e-05,0.02420320198261956,0.0005724133335240063,1.6131974031745897e-05,-0.002414181240414913,3.0,0.01
2023-08-15,2023Q3,2023-08,469,-0.0132712699311924,-0.011325669094635222,-0.013190027674748816,-0.02167862940556396,-0.0129398682148469,-0.013190109919980373,-0.013516741049225987,3.0,0.01
2023-08-16,2023Q3,2023-08,469,-0.006826234389712329,-0.00673459265328804,-0.006712138700131444,-0.014490467317802253,-0.006327359050311582,-0.006641995486060969,-0.0013186450462623375,3.0,0.01
2023-08-17,2023Q3,2023-08,469,-0.007717521654490414,-0.016335594912317942,-0.0077167541672148315,-0.004123692491419642,-0.0075412289355542405,-0.007703947741153486,-0.00889853382050537,3.0,0.01
2023-08-18,2023Q3,2023-08,469,0.001299232892586317,0.008633440415515864,0.0013562367542510705,-0.0005652339996054922,0.0013200633999073863,0.0013506577058841284,0.0022564519540704386,3.0,0.01
2023-08-21,2023Q3,2023-08,469,7.588723421668192e-05,0.0062044568401131315,5.0338436568561715e-05,0.012408627978801786,0.0007485405938080023,5.2056787218811925e-05,-0.000503805954036415,3.0,0.01
2023-08-22,2023Q3,2023-08,469,-0.003278109547930115,-0.009780757625157255,-0.003230025288095551,0.002327046007502792,-0.002987347981016344,-0.0032061985643652164,0.0002287765761767017,3.0,0.01
2023-08-23,2023Q3,2023-08,469,0.008282668586955158,0.00912964832421609,0.008168544746607782,0.009481091009640164,0.008209497693797996,0.008126909004833822,0.007406640061566648,3.0,0.01
2023-08-24,2023Q3,2023-08,469,-0.009365174497683943,-0.005783623149485149,-0.009281946277284415,-0.010904292264139545,-0.008652095450921698,-0.009211868719616384,-0.00423150065078811,3.0,0.01
2023-08-25,2023Q3,2023-08,469,0.00513400929994113,0.006319311683773471,0.005167201314737944,0.015870354322213388,0.005243454157160419,0.005183904082397695,0.004752770072148538,3.0,0.01
2023-08-28,2023Q3,2023-08,469,0.007233358034861168,-0.0006534216888693179,0.007137389179770383,0.004677314345747487,0.0071881952931517525,0.0070827757780051355,0.0026979781336353677,3.0,0.01
2023-08-29,2023Q3,2023-08,469,0.011282305918934563,0.004003488830040538,0.01113681860348895,0.018378018652121474,0.011282632065660448,0.011086210638643233,0.011720509595495854,3.0,0.01
2023-08-30,2023Q3,2023-08,469,0.0030049823287994705,0.0020479806974404244,0.002987640802389083,0.01582730648975581,0.003093099159118712,0.0029554047213357793,0.002963969945797909,3.0,0.01
2023-08-31,2023Q3,2023-08,469,-0.0036623744572851858,-0.00564448522540891,-0.003754725280334123,-0.0061657952549672565,-0.00369474684537632,-0.0037799679669590185,-0.004211764554794276,3.0,0.01
2023-09-01,2023Q3,2023-09,469,0.003234619947435629,0.0019510771393131498,0.00316982367994464,-0.0021705095993214316,0.002895684940534665,0.003127293208089162,0.0016254567876527036,3.0,0.01
2023-09-05,2023Q3,2023-09,469,-0.011463369816344878,-0.007793092193713562,-0.011442909713090157,-0.006598366508573107,-0.011628298422740612,-0.011422929867691011,-0.009935806180481323,3.0,0.01
2023-09-06,2023Q3,2023-09,469,-0.0030087309635689324,0.0022983313240757613,-0.0029579281140538222,0.036563203988267116,-0.0030123768285476274,-0.0029693875341235826,-0.0008176206065721876,3.0,0.01
2023-09-07,2023Q3,2023-09,469,-0.004026852081969009,0.01155432246031329,-0.003782836694464783,0.009172327254160126,-0.003842457619619135,-0.003712050341734674,0.0058012358250249425,3.0,0.01
2023-09-08,2023Q3,2023-09,469,0.00046686389758892103,0.008847457986718398,0.00050793882829063,-0.016761279249843043,0.00031147280950579305,0.0005265128971202712,0.002925734587108022,3.0,0.01
2023-09-11,2023Q3,2023-09,469,0.002031818037654152,0.006013805497493713,0.002033562960463283,0.003990795535998222,0.0021148953302409473,0.0020599904343127228,-0.002786591281301187,3.0,0.01
2023-09-12,2023Q3,2023-09,469,-0.0017142412183549897,-0.0020707294554792735,-0.0017175914252468595,-0.016199047547723795,-0.0023855051802360453,-0.0016694710325535936,-0.003844619315759833,3.0,0.01
2023-09-13,2023Q3,2023-09,469,-0.0033593412426193214,-0.004130394042700267,-0.003258156592191813,-0.007933524577488605,-0.002953365057499176,-0.00324765043287143,-0.0020950440340112195,3.0,0.01
2023-09-14,2023Q3,2023-09,469,0.011311797039117132,0.004161580601964339,0.011232290523075578,-0.010511475734349065,0.011202936740052637,0.0112524799100778,0.011497642631697103,3.0,0.01
2023-09-15,2023Q3,2023-09,469,-0.008249883604381171,-0.007995473782590698,-0.008252163216748815,-0.00493351245446997,-0.008507401282270833,-0.008209566264627354,-0.00910298062118687,3.0,0.01
2023-09-18,2023Q3,2023-09,469,-0.0017700427488630296,0.005110664464182437,-0.0016540583772240711,-0.01017270728250114,-0.0019727780686278613,-0.0016855422740622032,0.001326207584450901,3.0,0.01
2023-09-19,2023Q3,2023-09,469,-0.0017916491452803266,0.0004917833290615931,-0.0017908632071917947,-0.00567692116223808,-0.0018357015042014726,-0.0017787545980574955,-0.003365256522908851,3.0,0.01
2023-09-20,2023Q3,2023-09,469,-0.004010948003976753,0.004690359089681512,-0.0038940039743990754,0.007256256784651252,-0.00398582013262373,-0.003861595028650845,0.0017470659848432119,3.0,0.01
2023-09-21,2023Q3,2023-09,469,-0.01674268550263701,-0.012374008264888981,-0.016624641961926673,-0.020624742794983372,-0.01660014842099226,-0.016607484323960413,-0.013273138517780704,3.0,0.01
2023-09-22,2023Q3,2023-09,469,-0.0037466119302174616,-0.0016248451857291519,-0.0036848495396060903,0.001289318629438703,-0.0036143628734142553,-0.003713657335031857,-0.0029700001661191904,3.0,0.01
2023-09-25,2023Q3,2023-09,469,0.0023372349951140065,0.006110262017144015,0.0023318118913231867,-0.006268417893397695,0.002255829395282561,0.002295022932859721,-0.0012124887781758183,3.0,0.01
2023-09-26,2023Q3,2023-09,469,-0.014021320412851777,-0.007234193281711308,-0.013967644659215801,-0.02584511266014631,-0.013766601226610983,-0.013967090251623501,-0.008615302228643127,3.0,0.01
2023-09-27,2023Q3,2023-09,469,0.00043992415764669616,0.0007304212718613636,0.00037028321768355326,-0.004852753341750948,-0.0001966384099315637,0.00025999084538416196,0.00381680713672306,3.0,0.01
2023-09-28,2023Q3,2023-09,469,0.006906381536369261,-0.0007623721795301411,0.006790215661402113,0.0019304031457145132,0.005862751965192094,0.006704813830720436,0.005396675307237789,3.0,0.01
2023-09-29,2023Q3,2023-09,469,-0.0026908160480728525,-0.013404813889844082,-0.002798374553622275,-0.0018461922349284584,-0.003115106315834118,-0.002823994240615863,-0.006488439388955389,3.0,0.01
2023-10-02,2023Q4,2023-10,470,-0.010909144960162404,-0.0008960049984899888,-0.010896508752829546,-0.007093492820567829,-0.014746703804069852,-0.012987793230803523,-0.008520966345489203,3.0,0.01
2023-10-03,2023Q4,2023-10,470,-0.011876968565877506,-0.013203371064977428,-0.011225562865279006,-0.00424377166318218,-0.00846083729130119,-0.0077110040814401225,-0.008813202580919107,3.0,0.01
2023-10-04,2023Q4,2023-10,470,0.006352027177438746,0.004923446403476405,0.006177999564652975,-0.009604674421770043,0.005006551502449922,0.0024515702741146495,-0.020510981613774723,3.0,0.01
2023-10-05,2023Q4,2023-10,470,-0.0031097392260947413,0.005876431032732625,-0.00307079553513001,0.004887277438197261,-0.002424779004753881,-0.002002794066469956,-0.0003973620559615475,3.0,0.01
2023-10-06,2023Q4,2023-10,470,0.008373263638672898,0.013721080808675724,0.008209422300774134,0.010491027655803606,0.007244459788239813,0.00961443602498015,0.020866923481992684,3.0,0.01
2023-10-09,2023Q4,2023-10,470,0.007820030420062048,0.015085847118714758,0.008283136138970386,0.03374068103988397,0.012263518596289862,0.014330572218872687,0.018915460983626894,3.0,0.01
2023-10-10,2023Q4,2023-10,470,0.007656974021321121,0.006441611400272522,0.007407697703086186,0.0070491081740061265,0.0063704474230664165,0.0042931286007659285,0.005550056270849604,3.0,0.01
2023-10-11,2023Q4,2023-10,470,0.0021022027635282906,0.014055846283669652,0.002070899073377484,-0.009823234342106251,0.00011996130357801529,0.0016384280924196424,0.002006193767877823,3.0,0.01
2023-10-12,2023Q4,2023-10,470,-0.013152646538535508,0.001816611024815023,-0.012795148484850891,-0.006445548453597004,-0.0122913893845817,-0.009652823570567334,-0.00681957284370455,3.0,0.01
2023-10-13,2023Q4,2023-10,470,-0.001916954729454536,0.004123566751393661,-0.0011503891353900994,0.019423719295130076,0.0014863195417234838,0.0028164121092024968,0.0027741680537622542,3.0,0.01
2023-10-16,2023Q4,2023-10,470,0.01248976014409139,-0.0002655757676622557,0.012243121074043361,0.003943945827050625,0.011306322464271665,0.010149253532864316,0.014408937612867427,3.0,0.01
2023-10-17,2023Q4,2023-10,470,0.004705949612036008,0.002639610316990832,0.004599587468821766,0.01490789748954163,0.004902022123761072,0.004676150003584876,0.006068418901791159,3.0,0.01
2023-10-18,2023Q4,2023-10,470,-0.015894540642174187,-0.0005908055758669308,-0.01504269900260684,-0.02429381574364271,-0.012158943144679005,-0.010576397415028653,-0.016423237342112033,3.0,0.01
2023-10-19,2023Q4,2023-10,470,-0.011544131312097677,-0.010680312962193067,-0.011325812879395844,-0.02555232955702121,-0.011754146869481119,-0.009079186333434953,-0.010879767080346815,3.0,0.01
2023-10-20,2023Q4,2023-10,470,-0.011752230383347611,-0.005985755624408579,-0.011409039014957201,-0.01681268206782973,-0.011429168772155624,-0.011259917550857746,-0.01766994230708794,3.0,0.01
2023-10-23,2023Q4,2023-10,470,-0.006136719508152817,-0.005904592973115234,-0.006211670439725933,-0.01635444686011133,-0.007485058958887271,-0.008168195420848876,-0.0009427535785807531,3.0,0.01
2023-10-24,2023Q4,2023-10,470,0.006862556199907619,-0.001130946010219215,0.006877454024162627,-0.001263784402980449,0.007150004358117829,0.006602148237632841,0.0027148364165389366,3.0,0.01
2023-10-25,2023Q4,2023-10,470,-0.011273341871844556,-0.00945281945978308,-0.01040519134632516,-0.004389648371812358,-0.005661688236418078,-0.004968360980033441,-0.015414322821591402,3.0,0.01
2023-10-26,2023Q4,2023-10,470,-0.001274550305234983,-0.005778340453450573,-0.001310252768642928,-0.011905694075752347,-0.00010133631835054481,-0.0008555298627875137,-0.0060739258055037765,3.0,0.01
2023-10-27,2023Q4,2023-10,470,-0.011602149697028212,-0.007840166114917686,-0.011509437526419655,0.0036376814576126147,-0.013479200480619118,-0.011558677995593538,-0.0059282410779279366,3.0,0.01
2023-10-30,2023Q4,2023-10,470,0.007659324103255432,0.005923486368233385,0.007600599886875129,0.003021773181164422,0.008037600562795084,0.007859865578108931,-0.007077541028919113,3.0,0.01
2023-10-31,2023Q4,2023-10,470,0.00950632054399714,0.001994660369388869,0.009362536787020214,0.033553530579983226,0.00889280635358278,0.0087152319384406,0.004133735478032163,3.0,0.01
2023-11-01,2023Q4,2023-11,470,0.0035736406452712686,0.011409756598531853,0.004041276647827457,0.011304185659548133,0.0026075850021677624,0.005432607828129477,0.007234790543220137,3.0,0.01
2023-11-02,2023Q4,2023-11,470,0.021935187909991438,0.011165737020544882,0.021245239447256148,0.012727289161392256,0.019290884085836325,0.018647013998812516,0.025528268512453496,3.0,0.01
2023-11-03,2023Q4,2023-11,470,0.01628406506953953,-0.00015188580734768766,0.015211656998303114,-0.006584247549496535,0.012288985340714438,0.009306835709374135,0.007229742335651381,3.0,0.01
2023-11-06,2023Q4,2023-11,470,-0.00516378460485282,0.015934596421500333,-0.004642887362714752,-0.0183827370030644,-0.0044525343433155,-0.004931655665244268,-0.00662709137450998,3.0,0.01
2023-11-07,2023Q4,2023-11,470,-0.0017584971948542522,-0.0017391971833780233,-0.002049127771436059,-0.037752755941783595,-0.002808246833982211,-0.005725385087885173,-0.00733846478195755,3.0,0.01
2023-11-08,2023Q4,2023-11,470,-0.001223309189896062,0.007898637108355238,-0.0012384490522297077,-0.0019587048990417143,-0.000824493229802753,-0.002321844335996141,-0.003429778064148786,3.0,0.01
2023-11-09,2023Q4,2023-11,470,-0.00902040506946811,-0.011008404005416136,-0.008596475769801524,-0.012731900602726286,-0.008821518718387069,-0.006186395576048177,-0.004257686275405989,3.0,0.01
2023-11-10,2023Q4,2023-11,470,0.012247992392913225,0.01639473195318452,0.011945135431836802,0.015125341738723753,0.011615186521629895,0.014755015785311363,0.011144619037491933,3.0,0.01
2023-11-13,2023Q4,2023-11,470,-0.0018512574986256879,0.011156858515836504,-0.0015376017390473888,0.014736657637965021,-0.0011666670833110375,-0.0012312698381182947,0.008020787630199347,3.0,0.01
2023-11-14,2023Q4,2023-11,470,0.029047472576157245,-0.004172193043257627,0.02758456347475434,0.01763118640117159,0.027014959404989318,0.028927238425377592,0.02113732230082229,3.0,0.01
2023-11-15,2023Q4,2023-11,470,0.004705518193428614,-0.01539720720423814,0.004017998495213391,-0.023376905527501546,0.002335782152568724,0.0014779363609511173,0.0008592413014907673,3.0,0.01
2023-11-16,2023Q4,2023-11,470,-0.0027822818444557243,2.6864524955867112e-05,-0.0025413081409753984,-0.014873703507455417,-0.0018828905365113678,-0.0037912203130646164,-0.010968430317019965,3.0,0.01
2023-11-17,2023Q4,2023-11,470,0.004426754962263578,0.0055424299941516575,0.004176749006368011,0.02571533307531782,0.0033769309925361056,0.0038055136820384534,0.015214936176720845,3.0,0.01
2023-11-20,2023Q4,2023-11,470,0.004288495941016611,0.007018346751122692,0.004070900257369231,0.011710208325998553,0.00462245982933982,0.004333989007147454,0.006245578086481199,3.0,0.01
2023-11-21,2023Q4,2023-11,470,-0.0017590539194465651,-0.002107894988998832,-0.0012721247807752018,-0.009006354785334713,-0.000828428305837648,-0.001216584198058929,-0.0023434381903849042,3.0,0.01
2023-11-22,2023Q4,2023-11,470,0.004799885221690562,0.005798535426075622,0.004757773447042752,0.0031253290602482357,0.004757835869362207,0.004445213548349626,0.0032649914644114226,3.0,0.01
2023-11-24,2023Q4,2023-11,470,0.0031983691082706454,0.006359268294095853,0.003168921976394361,0.0019603186190794365,0.0030931329193918744,0.003435959800799612,0.0032092300394123566,3.0,0.01
2023-11-27,2023Q4,2023-11,470,-0.0025775059277369904,-0.0018806123132208159,-0.0026011853868050305,0.014921490347752198,-0.0026324781137204096,-0.002276837204023824,-0.004170265041645311,3.0,0.01
2023-11-28,2023Q4,2023-11,470,-0.0005040658015120164,-0.003985068570508663,-0.0007813653395674692,-0.002978187038872751,-0.0005212972105075692,-0.002996277387994927,-0.0017158949898535396,3.0,0.01
2023-11-29,2023Q4,2023-11,470,0.0036827671237081704,-0.005243696717494015,0.0029345505438610224,0.007338611809707314,0.003159072513378852,0.001493009289176421,-0.0018099387631766723,3.0,0.01
2023-11-30,2023Q4,2023-11,470,0.008132888571083114,0.015050850517004992,0.008414713283187766,0.004275359789722349,0.008195326945253907,0.008846864317953698,0.007017717212107423,3.0,0.01
2023-12-01,2023Q4,2023-12,470,0.01513285573722856,0.0015967504736288567,0.01428458211469751,-0.0026355132045724895,0.012795287276956741,0.01142459239367728,0.015971683995996605,3.0,0.01
2023-12-04,2023Q4,2023-12,470,7.761804490905269e-05,-0.003020282947624264,-6.6936358046710225e-06,-0.000495875391567003,0.00019354324897872873,-0.0010847095734714159,-0.004552819403911458,3.0,0.01
2023-12-05,2023Q4,2023-12,470,-0.008725769745014406,0.00024091707777412785,-0.008490601225169658,-0.011037267202154739,-0.007992155310457978,-0.008280573899490915,-0.011310123784763502,3.0,0.01
2023-12-06,2023Q4,2023-12,470,0.001125143204008514,-0.009704285355022211,0.0008269162753129593,-0.008573253468066392,0.0012332162769073608,-0.0009382275712179484,-0.006291631145804378,3.0,0.01
2023-12-07,2023Q4,2023-12,470,0.005155729997538426,-0.0029517998811509454,0.004729103678195606,0.01034630571193499,0.0050442784855250725,0.005615410826770795,-0.001633540123862915,3.0,0.01
2023-12-08,2023Q4,2023-12,470,0.0026760134699424266,0.009137624327137502,0.002472289172902921,0.014616335735587611,0.0020444521534492112,0.000708090401204006,0.0071357870623966965,3.0,0.01
2023-12-11,2023Q4,2023-12,470,0.008714470377957428,0.00033881287837131055,0.008769772806258715,0.018301708434974397,0.008941310796786606,0.010616075630112801,0.00627678720607239,3.0,0.01
2023-12-12,2023Q4,2023-12,470,0.0020982694994923796,0.0011483306424323698,0.002167798755388937,0.029856427959452578,0.0025522946621158063,0.0032145517426008952,-0.0025559703492787013,3.0,0.01
2023-12-13,2023Q4,2023-12,470,0.021200159837126913,0.010801480654413474,0.020542330297567454,-0.006881092354306673,0.02056292399390261,0.01997400225855616,0.014433452523672556,3.0,0.01
2023-12-14,2023Q4,2023-12,470,0.012625831273041486,-0.022512076864803377,0.010837153198390813,0.019400430265524824,0.009896072012679086,0.006210984002118527,0.023428812340277348,3.0,0.01
2023-12-15,2023Q4,2023-12,470,-0.00645124605627858,-0.005366821611995991,-0.006500299472371847,0.009104319963624657,-0.006375763983132138,-0.007481067461879143,-0.00809939361962327,3.0,0.01
2023-12-18,2023Q4,2023-12,470,0.0012181146314432611,0.015299404340238524,0.0015045616335630503,0.005426181953311767,0.0015948641118671326,0.0013521025221584879,0.005838330398985165,3.0,0.01
2023-12-19,2023Q4,2023-12,470,0.007957137554109168,0.0035487138361581768,0.007581010162242806,0.01697652402862985,0.007946526158661042,0.008129690990816155,0.012429286689388731,3.0,0.01
2023-12-20,2023Q4,2023-12,470,-0.016740699577946785,-0.008577288138557147,-0.016424311217955352,-0.017555665338115513,-0.016180477712219317,-0.01626046045801882,-0.01518665229759903,3.0,0.01
2023-12-21,2023Q4,2023-12,470,0.011951001290956475,0.00734733642422356,0.011449442385362638,0.01974058906678242,0.010854348318991335,0.011106876244548166,0.012619073185695731,3.0,0.01
2023-12-22,2023Q4,2023-12,470,0.0032075634238665613,0.0005834947162613017,0.0033543833935418535,0.005286173535303419,0.004352734349899937,0.00491678792659426,0.0015274058562066441,3.0,0.01
2023-12-26,2023Q4,2023-12,470,0.005825356140460982,0.0017706851898981251,0.005683422978026376,0.0013130618552818826,0.005345587731443084,0.005497191107919257,0.008475755664625672,3.0,0.01
2023-12-27,2023Q4,2023-12,470,0.0012578155084960244,0.005160776441302548,0.001204961341844489,0.0022155016679900386,0.0020644981131523227,0.0013679877647351905,-0.002962071059325983,3.0,0.01
2023-12-28,2023Q4,2023-12,470,0.0016917354656031344,-0.0031272387922787297,0.0016283554669722462,0.0008901125976578157,0.0017663510730710377,0.0023488412614291734,-0.00698511436999236,3.0,0.01
2023-12-29,2023Q4,2023-12,470,-0.0033332494585886895,0.005286878892447267,-0.002894376114880002,-0.004888786660385019,-0.002543544621808993,-0.0021936386168562956,-0.0046185302610940015,3.0,0.01
